0.1,0
0.2,0
0.3,0
0.4,0
0.5,0
0.6,0
0.7,0
0.8,0
0.9,0
1.0,0
1.1,0
1.2,0
1.3,0
1.4,0
1.5,0
1.6,0
1.7,0
1.8,0
1.9,0
2.0,0
2.1,0
2.2,0
2.3,0
2.4,0
2.5,0
2.6,0
2.7,0
2.8,0
2.9,0
3.0,0
3.1,0
3.2,0
3.3,0
3.4,0
3.5,0
3.6,0
3.7,0
3.8,0
3.9,0
4.0,0
4.1,0
4.2,0
4.3,0
4.4,0
4.5,0
4.6,0
4.7,0
4.8,0
4.9,0
5.0,0
5.1,0
5.2,0
5.3,0
5.4,0
5.5,0
5.6,0
5.7,0
5.8,0
5.9,0
6.0,0
6.1,0
6.2,0
6.3,0
6.4,0
6.5,0
6.6,0
6.7,0
6.8,0
6.9,0
7.0,0
7.1,0
7.2,0
7.3,0
7.4,0
7.5,0
7.6,0
7.7,0
7.8,0
7.9,0
8.0,0
8.1,0
8.2,0
8.3,0
8.4,0
8.5,0
8.6,1
8.7,1
8.8,1
8.9,1
9.0,1
9.1,1
9.2,1
9.3,1
9.4,1
9.5,1
9.6,2
9.7,2
9.8,2
9.9,2
10.0,2
10.1,2
10.2,2
10.3,2
10.4,2
10.5,2
10.6,3
10.7,3
10.8,3
10.9,3
11.0,3
11.1,3
11.2,3
11.3,3
11.4,3
11.5,3
11.6,3
11.7,4
11.8,4
11.9,4
12.0,4
12.1,4
12.2,4
12.3,5
12.4,5
12.5,5
12.6,5
12.7,5
12.8,6
12.9,6
13.0,6
13.1,6
13.2,6
13.3,6
13.4,7
13.5,7
13.6,7
13.7,7
13.8,8
13.9,8
14.0,8
14.1,9
14.2,9
14.3,9
14.4,9
14.5,10
14.6,10
14.7,10
14.8,11
14.9,11
15.0,12
15.1,12
15.2,12
15.3,12
15.4,12
15.5,12
15.6,12
15.7,12
15.8,13
15.9,13
16.0,13
16.1,13
16.2,13
16.3,13
16.4,13
16.5,13
16.6,13
16.7,13
16.8,14
16.9,14
17.0,14
17.1,14
17.2,14
17.3,14
17.4,14
17.5,15
17.6,15
17.7,15
17.8,15
17.9,15
18.0,15
18.1,16
18.2,16
18.3,16
18.4,16
18.5,16
18.6,17
18.7,17
18.8,17
18.9,17
19.0,18
19.1,18
19.2,19
19.3,19
19.4,19
19.5,20
19.6,20
19.7,21
19.8,21
19.9,21
20.0,22
20.1,22
20.2,22
20.3,23
20.4,23
20.5,24
20.6,24
20.7,24
20.8,25
20.9,25
21.0,25
21.1,26
21.2,26
21.3,27
21.4,27
21.5,28
21.6,28
21.7,29
21.8,29
21.9,30
22.0,30
22.1,31
22.2,32
22.3,32
22.4,33
22.5,33
22.6,34
22.7,34
22.8,35
22.9,36
23.0,36
23.1,37
23.2,37
23.3,38
23.4,39
23.5,39
23.6,40
23.7,40
23.8,41
23.9,42
24.0,43
24.1,43
24.2,43
24.3,43
24.4,43
24.5,43
24.6,44
24.7,44
24.8,44
24.9,44
25.0,44
25.1,45
25.2,45
25.3,45
25.4,45
25.5,45
25.6,46
25.7,46
25.8,46
25.9,46
26.0,46
26.1,46
26.2,47
26.3,47
26.4,47
26.5,47
26.6,47
26.7,48
26.8,48
26.9,48
27.0,48
27.1,49
27.2,49
27.3,49
27.4,50
27.5,50
27.6,50
27.7,50
27.8,51
27.9,51
28.0,51
28.1,52
28.2,52
28.3,52
28.4,52
28.5,53
28.6,53
28.7,53
28.8,54
28.9,54
29.0,54
29.1,54
29.2,55
29.3,55
29.4,55
29.5,56
29.6,56
29.7,56
29.8,56
29.9,57
30.0,57
30.1,57
30.2,58
30.3,58
30.4,58
30.5,58
30.6,59
30.7,59
30.8,60
30.9,60
31.0,61
31.1,61
31.2,62
31.3,62
31.4,62
31.5,63
31.6,63
31.7,64
31.8,64
31.9,65
32.0,65
32.1,66
32.2,66
32.3,66
32.4,66
32.5,66
32.6,66
32.7,66
32.8,66
32.9,66
33.0,66
33.1,66
33.2,67
33.3,67
33.4,67
33.5,67
33.6,67
33.7,67
33.8,67
33.9,67
34.0,67
34.1,67
34.2,68
34.3,68
34.4,68
34.5,68
34.6,68
34.7,69
34.8,69
34.9,69
35.0,69
35.1,70
35.2,70
35.3,70
35.4,70
35.5,71
35.6,71
35.7,71
35.8,72
35.9,72
36.0,72
36.1,72
36.2,73
36.3,73
36.4,73
36.5,74
36.6,74
36.7,75
36.8,75
36.9,75
37.0,76
37.1,76
37.2,76
37.3,77
37.4,77
37.5,78
37.6,78
37.7,78
37.8,79
37.9,79
38.0,80
38.1,80
38.2,80
38.3,81
38.4,81
38.5,81
38.6,82
38.7,82
38.8,83
38.9,83
39.0,84
39.1,84
39.2,84
39.3,85
39.4,85
39.5,86
39.6,86
39.7,87
39.8,88
39.9,88
40.0,89
40.1,89
40.2,89
40.3,89
40.4,90
40.5,90
40.6,90
40.7,90
40.8,90
40.9,91
41.0,91
41.1,91
41.2,91
41.3,91
41.4,92
41.5,92
41.6,92
41.7,92
41.8,93
41.9,93
42.0,93
42.1,94
42.2,94
42.3,94
42.4,95
42.5,95
42.6,95
42.7,96
42.8,96
42.9,97
43.0,97
43.1,97
43.2,98
43.3,98
43.4,98
43.5,99
43.6,99
43.7,100
43.8,100
43.9,101
44.0,101
44.1,102
44.2,102
44.3,103
44.4,103
44.5,104
44.6,104
44.7,105
44.8,105
44.9,106
45.0,107
45.1,107
45.2,108
45.3,109
45.4,109
45.5,110
45.6,111
45.7,111
45.8,112
45.9,113
46.0,113
46.1,114
46.2,114
46.3,115
46.4,116
46.5,117
46.6,117
46.7,118
46.8,119
46.9,119
47.0,120
47.1,120
47.2,121
47.3,122
47.4,123
47.5,123
47.6,124
47.7,125
47.8,125
47.9,126
48.0,127
48.1,127
48.2,127
48.3,128
48.4,128
48.5,128
48.6,128
48.7,128
48.8,128
48.9,128
49.0,128
49.1,128
49.2,128
49.3,129
49.4,129
49.5,129
49.6,129
49.7,129
49.8,130
49.9,130
50.0,130
50.1,130
50.2,130
50.3,131
50.4,131
50.5,131
50.6,131
50.7,131
50.8,132
50.9,132
51.0,132
51.1,133
51.2,133
51.3,133
51.4,133
51.5,134
51.6,134
51.7,134
51.8,135
51.9,135
52.0,135
52.1,135
52.2,136
52.3,136
52.4,136
52.5,137
52.6,137
52.7,137
52.8,137
52.9,138
53.0,138
53.1,138
53.2,139
53.3,139
53.4,139
53.5,139
53.6,140
53.7,140
53.8,140
53.9,140
54.0,141
54.1,141
54.2,141
54.3,142
54.4,142
54.5,142
54.6,143
54.7,143
54.8,143
54.9,144
55.0,144
55.1,145
55.2,145
55.3,146
55.4,146
55.5,146
55.6,147
55.7,147
55.8,148
55.9,148
56.0,149
56.1,149
56.2,149
56.3,149
56.4,150
56.5,150
56.6,150
56.7,150
56.8,150
56.9,151
57.0,151
57.1,151
57.2,151
57.3,151
57.4,152
57.5,152
57.6,152
57.7,152
57.8,152
57.9,153
58.0,153
58.1,153
58.2,153
58.3,154
58.4,154
58.5,154
58.6,155
58.7,155
58.8,155
58.9,155
59.0,156
59.1,156
59.2,156
59.3,156
59.4,157
59.5,157
59.6,157
59.7,158
59.8,158
59.9,158
60.0,159
60.1,159
60.2,160
60.3,160
60.4,160
60.5,161
60.6,161
60.7,161
60.8,162
60.9,162
61.0,163
61.1,163
61.2,163
61.3,164
61.4,164
61.5,165
61.6,165
61.7,166
61.8,166
61.9,167
62.0,167
62.1,168
62.2,168
62.3,169
62.4,169
62.5,170
62.6,170
62.7,171
62.8,172
62.9,172
63.0,173
63.1,173
63.2,174
63.3,174
63.4,175
63.5,176
63.6,176
63.7,177
63.8,178
63.9,178
64.0,179
64.1,179
64.2,179
64.3,179
64.4,179
64.5,179
64.6,179
64.7,179
64.8,179
64.9,180
65.0,180
65.1,180
65.2,180
65.3,180
65.4,180
65.5,180
65.6,180
65.7,180
65.8,180
65.9,180
66.0,181
66.1,181
66.2,181
66.3,181
66.4,181
66.5,181
66.6,182
66.7,182
66.8,182
66.9,182
67.0,182
67.1,183
67.2,183
67.3,183
67.4,183
67.5,183
67.6,184
67.7,184
67.8,184
67.9,184
68.0,184
68.1,184
68.2,185
68.3,185
68.4,185
68.5,185
68.6,185
68.7,186
68.8,186
68.9,186
69.0,187
69.1,187
69.2,187
69.3,188
69.4,188
69.5,189
69.6,189
69.7,189
69.8,190
69.9,190
70.0,191
70.1,191
70.2,191
70.3,192
70.4,192
70.5,193
70.6,193
70.7,194
70.8,194
70.9,195
71.0,195
71.1,196
71.2,196
71.3,197
71.4,198
71.5,198
71.6,199
71.7,200
71.8,201
71.9,201
72.0,202
72.1,202
72.2,203
72.3,203
72.4,203
72.5,203
72.6,203
72.7,203
72.8,203
72.9,203
73.0,203
73.1,203
73.2,204
73.3,204
73.4,204
73.5,204
73.6,204
73.7,204
73.8,204
73.9,204
74.0,204
74.1,204
74.2,204
74.3,205
74.4,205
74.5,205
74.6,205
74.7,205
74.8,205
74.9,205
75.0,206
75.1,206
75.2,206
75.3,206
75.4,206
75.5,207
75.6,207
75.7,207
75.8,207
75.9,207
76.0,208
76.1,208
76.2,208
76.3,208
76.4,208
76.5,208
76.6,209
76.7,209
76.8,209
76.9,209
77.0,209
77.1,210
77.2,210
77.3,210
77.4,210
77.5,210
77.6,211
77.7,211
77.8,211
77.9,211
78.0,211
78.1,212
78.2,212
78.3,212
78.4,212
78.5,212
78.6,213
78.7,213
78.8,213
78.9,213
79.0,214
79.1,214
79.2,214
79.3,215
79.4,215
79.5,215
79.6,216
79.7,216
79.8,217
79.9,217
80.0,217
80.1,217
80.2,217
80.3,217
80.4,217
80.5,217
80.6,217
80.7,217
80.8,217
80.9,218
81.0,218
81.1,218
81.2,218
81.3,218
81.4,218
81.5,218
81.6,218
81.7,218
81.8,218
81.9,218
82.0,219
82.1,219
82.2,219
82.3,219
82.4,219
82.5,219
82.6,219
82.7,219
82.8,220
82.9,220
83.0,220
83.1,220
83.2,220
83.3,221
83.4,221
83.5,221
83.6,222
83.7,222
83.8,222
83.9,223
84.0,223
84.1,223
84.2,224
84.3,224
84.4,224
84.5,225
84.6,225
84.7,226
84.8,226
84.9,227
85.0,227
85.1,228
85.2,228
85.3,229
85.4,229
85.5,230
85.6,230
85.7,231
85.8,231
85.9,232
86.0,232
86.1,233
86.2,233
86.3,234
86.4,234
86.5,235
86.6,235
86.7,236
86.8,236
86.9,237
87.0,237
87.1,238
87.2,239
87.3,239
87.4,240
87.5,240
87.6,241
87.7,241
87.8,242
87.9,243
88.0,243
88.1,244
88.2,244
88.3,245
88.4,245
88.5,246
88.6,247
88.7,247
88.8,248
88.9,249
89.0,249
89.1,250
89.2,251
89.3,252
89.4,253
89.5,253
89.6,254
89.7,255
89.8,256
89.9,257
90.0,258
90.1,258
90.2,259
90.3,259
90.4,259
90.5,259
90.6,259
90.7,259
90.8,260
90.9,260
91.0,260
91.1,260
91.2,260
91.3,261
91.4,261
91.5,261
91.6,261
91.7,261
91.8,262
91.9,262
92.0,262
92.1,262
92.2,262
92.3,262
92.4,263
92.5,263
92.6,263
92.7,263
92.8,263
92.9,264
93.0,264
93.1,264
93.2,265
93.3,265
93.4,265
93.5,265
93.6,266
93.7,266
93.8,266
93.9,267
94.0,267
94.1,267
94.2,267
94.3,268
94.4,268
94.5,268
94.6,269
94.7,269
94.8,269
94.9,269
95.0,270
95.1,270
95.2,270
95.3,271
95.4,271
95.5,271
95.6,271
95.7,272
95.8,272
95.9,272
96.0,272
96.1,273
96.2,273
96.3,273
96.4,274
96.5,274
96.6,274
96.7,275
96.8,275
96.9,275
97.0,276
97.1,276
97.2,277
97.3,277
97.4,278
97.5,278
97.6,279
97.7,279
97.8,280
97.9,280
98.0,281
98.1,281
98.2,281
98.3,281
98.4,281
98.5,281
98.6,281
98.7,281
98.8,281
98.9,281
99.0,281
99.1,281
99.2,281
99.3,281
99.4,281
99.5,281
99.6,281
99.7,281
99.8,281
99.9,281
100.0,281
100.1,282
100.2,282
100.3,282
100.4,282
100.5,282
100.6,282
100.7,282
100.8,282
100.9,282
101.0,282
101.1,282
101.2,283
101.3,283
101.4,283
101.5,283
101.6,283
101.7,284
101.8,284
101.9,284
102.0,284
102.1,285
102.2,285
102.3,285
102.4,286
102.5,286
102.6,286
102.7,287
102.8,287
102.9,287
103.0,288
103.1,288
103.2,289
103.3,289
103.4,289
103.5,290
103.6,290
103.7,290
103.8,291
103.9,291
104.0,292
104.1,292
104.2,292
104.3,293
104.4,293
104.5,294
104.6,294
104.7,294
104.8,295
104.9,295
105.0,295
105.1,296
105.2,296
105.3,296
105.4,297
105.5,297
105.6,298
105.7,298
105.8,298
105.9,299
106.0,299
106.1,299
106.2,300
106.3,300
106.4,301
106.5,301
106.6,301
106.7,302
106.8,302
106.9,303
107.0,303
107.1,303
107.2,304
107.3,304
107.4,305
107.5,305
107.6,306
107.7,306
107.8,307
107.9,308
108.0,308
108.1,309
108.2,309
108.3,310
108.4,310
108.5,311
108.6,311
108.7,312
108.8,313
108.9,313
109.0,314
109.1,314
109.2,314
109.3,314
109.4,314
109.5,315
109.6,315
109.7,315
109.8,315
109.9,315
110.0,315
110.1,315
110.2,316
110.3,316
110.4,316
110.5,316
110.6,316
110.7,316
110.8,317
110.9,317
111.0,317
111.1,317
111.2,317
111.3,318
111.4,318
111.5,318
111.6,318
111.7,318
111.8,319
111.9,319
112.0,319
112.1,319
112.2,319
112.3,320
112.4,320
112.5,320
112.6,320
112.7,320
112.8,320
112.9,321
113.0,321
113.1,321
113.2,321
113.3,321
113.4,322
113.5,322
113.6,322
113.7,322
113.8,322
113.9,323
114.0,323
114.1,323
114.2,323
114.3,323
114.4,323
114.5,324
114.6,324
114.7,324
114.8,325
114.9,325
115.0,325
115.1,325
115.2,326
115.3,326
115.4,326
115.5,326
115.6,327
115.7,327
115.8,327
115.9,328
116.0,328
116.1,328
116.2,329
116.3,329
116.4,330
116.5,330
116.6,331
116.7,331
116.8,332
116.9,332
117.0,333
117.1,333
117.2,333
117.3,333
117.4,333
117.5,334
117.6,334
117.7,334
117.8,334
117.9,334
118.0,334
118.1,334
118.2,334
118.3,334
118.4,334
118.5,334
118.6,335
118.7,335
118.8,335
118.9,335
119.0,335
119.1,336
119.2,336
119.3,336
119.4,336
119.5,336
119.6,337
119.7,337
119.8,337
119.9,337
120.0,337
120.1,338
120.2,338
120.3,338
120.4,338
120.5,338
120.6,338
120.7,339
120.8,339
120.9,339
121.0,339
121.1,339
121.2,340
121.3,340
121.4,340
121.5,341
121.6,341
121.7,341
121.8,341
121.9,342
122.0,342
122.1,342
122.2,343
122.3,343
122.4,343
122.5,343
122.6,344
122.7,344
122.8,344
122.9,345
123.0,345
123.1,345
123.2,345
123.3,346
123.4,346
123.5,346
123.6,347
123.7,347
123.8,347
123.9,348
124.0,348
124.1,349
124.2,349
124.3,349
124.4,350
124.5,350
124.6,351
124.7,351
124.8,352
124.9,352
125.0,353
125.1,353
125.2,353
125.3,353
125.4,353
125.5,353
125.6,354
125.7,354
125.8,354
125.9,354
126.0,354
126.1,355
126.2,355
126.3,355
126.4,355
126.5,355
126.6,356
126.7,356
126.8,356
126.9,356
127.0,356
127.1,357
127.2,357
127.3,357
127.4,357
127.5,357
127.6,357
127.7,358
127.8,358
127.9,358
128.0,358
128.1,359
128.2,359
128.3,359
128.4,359
128.5,360
128.6,360
128.7,360
128.8,361
128.9,361
129.0,361
129.1,361
129.2,362
129.3,362
129.4,362
129.5,363
129.6,363
129.7,364
129.8,364
129.9,364
130.0,365
130.1,365
130.2,365
130.3,366
130.4,366
130.5,367
130.6,367
130.7,367
130.8,368
130.9,368
131.0,368
131.1,369
131.2,369
131.3,370
131.4,370
131.5,370
131.6,371
131.7,371
131.8,371
131.9,372
132.0,373
132.1,373
132.2,374
132.3,374
132.4,375
132.5,376
132.6,376
132.7,377
132.8,378
132.9,378
133.0,379
133.1,379
133.2,379
133.3,379
133.4,379
133.5,380
133.6,380
133.7,380
133.8,380
133.9,380
134.0,380
134.1,380
134.2,380
134.3,380
134.4,380
134.5,381
134.6,381
134.7,381
134.8,381
134.9,381
135.0,382
135.1,382
135.2,382
135.3,382
135.4,382
135.5,383
135.6,383
135.7,383
135.8,383
135.9,383
136.0,383
136.1,384
136.2,384
136.3,384
136.4,384
136.5,384
136.6,385
136.7,385
136.8,385
136.9,386
137.0,386
137.1,386
137.2,386
137.3,387
137.4,387
137.5,387
137.6,388
137.7,388
137.8,388
137.9,388
138.0,389
138.1,389
138.2,389
138.3,390
138.4,390
138.5,391
138.6,391
138.7,391
138.8,392
138.9,392
139.0,392
139.1,393
139.2,393
139.3,394
139.4,394
139.5,395
139.6,395
139.7,396
139.8,396
139.9,397
140.0,397
140.1,398
140.2,399
140.3,399
140.4,400
140.5,400
140.6,401
140.7,401
140.8,402
140.9,403
141.0,403
141.1,403
141.2,403
141.3,403
141.4,403
141.5,403
141.6,403
141.7,403
141.8,403
141.9,403
142.0,403
142.1,403
142.2,403
142.3,403
142.4,403
142.5,403
142.6,403
142.7,403
142.8,403
142.9,403
143.0,403
143.1,403
143.2,403
143.3,403
143.4,403
143.5,403
143.6,403
143.7,403
143.8,403
143.9,403
144.0,403
144.1,403
144.2,403
144.3,403
144.4,403
144.5,403
144.6,403
144.7,403
144.8,403
144.9,404
145.0,404
145.1,404
145.2,404
145.3,404
145.4,404
145.5,404
145.6,404
145.7,405
145.8,405
145.9,405
146.0,405
146.1,405
146.2,406
146.3,406
146.4,406
146.5,406
146.6,407
146.7,407
146.8,407
146.9,408
147.0,408
147.1,409
147.2,409
147.3,409
147.4,410
147.5,410
147.6,410
147.7,411
147.8,411
147.9,412
148.0,412
148.1,412
148.2,413
148.3,413
148.4,414
148.5,414
148.6,414
148.7,415
148.8,415
148.9,416
149.0,416
149.1,417
149.2,417
149.3,418
149.4,419
149.5,419
149.6,420
149.7,420
149.8,421
149.9,421
150.0,422
150.1,423
150.2,423
150.3,424
150.4,424
150.5,425
150.6,425
150.7,426
150.8,427
150.9,427
151.0,428
151.1,428
151.2,429
151.3,429
151.4,430
151.5,431
151.6,431
151.7,432
151.8,432
151.9,433
152.0,434
152.1,434
152.2,435
152.3,436
152.4,436
152.5,437
152.6,438
152.7,438
152.8,439
152.9,440
153.0,440
153.1,441
153.2,442
153.3,442
153.4,443
153.5,444
153.6,444
153.7,445
153.8,446
153.9,446
154.0,447
154.1,448
154.2,449
154.3,449
154.4,450
154.5,451
154.6,452
154.7,453
154.8,454
154.9,454
155.0,455
155.1,456
155.2,456
155.3,456
155.4,457
155.5,457
155.6,457
155.7,457
155.8,458
155.9,458
156.0,459
156.1,459
156.2,459
156.3,460
156.4,460
156.5,461
156.6,461
156.7,462
156.8,462
156.9,463
157.0,463
157.1,464
157.2,464
157.3,464
157.4,465
157.5,465
157.6,466
157.7,466
157.8,467
157.9,467
158.0,468
158.1,468
158.2,469
158.3,469
158.4,470
158.5,470
158.6,471
158.7,472
158.8,472
158.9,473
159.0,473
159.1,474
159.2,474
159.3,475
159.4,476
159.5,476
159.6,477
159.7,477
159.8,478
159.9,478
160.0,479
160.1,480
160.2,480
160.3,481
160.4,481
160.5,482
160.6,482
160.7,483
160.8,484
160.9,484
161.0,485
161.1,485
161.2,486
161.3,487
161.4,487
161.5,488
161.6,489
161.7,489
161.8,490
161.9,491
162.0,491
162.1,492
162.2,493
162.3,493
162.4,494
162.5,495
162.6,496
162.7,496
162.8,497
162.9,497
163.0,498
163.1,499
163.2,499
163.3,500
163.4,501
163.5,502
163.6,502
163.7,503
163.8,504
163.9,505
164.0,505
164.1,506
164.2,506
164.3,506
164.4,506
164.5,506
164.6,507
164.7,507
164.8,507
164.9,507
165.0,507
165.1,508
165.2,508
165.3,508
165.4,508
165.5,508
165.6,509
165.7,509
165.8,509
165.9,509
166.0,509
166.1,510
166.2,510
166.3,510
166.4,511
166.5,511
166.6,511
166.7,511
166.8,512
166.9,512
167.0,512
167.1,513
167.2,513
167.3,513
167.4,513
167.5,514
167.6,514
167.7,514
167.8,515
167.9,515
168.0,515
168.1,516
168.2,516
168.3,516
168.4,516
168.5,517
168.6,517
168.7,517
168.8,518
168.9,518
169.0,519
169.1,519
169.2,519
169.3,520
169.4,520
169.5,521
169.6,521
169.7,521
169.8,522
169.9,522
170.0,522
170.1,523
170.2,523
170.3,524
170.4,524
170.5,525
170.6,525
170.7,526
170.8,526
170.9,527
171.0,527
171.1,528
171.2,528
171.3,529
171.4,529
171.5,529
171.6,530
171.7,531
171.8,531
171.9,532
172.0,533
172.1,533
172.2,533
172.3,533
172.4,533
172.5,533
172.6,533
172.7,533
172.8,533
172.9,534
173.0,534
173.1,534
173.2,534
173.3,534
173.4,534
173.5,535
173.6,535
173.7,535
173.8,535
173.9,535
174.0,536
174.1,536
174.2,536
174.3,537
174.4,537
174.5,537
174.6,537
174.7,538
174.8,538
174.9,538
175.0,539
175.1,539
175.2,539
175.3,540
175.4,540
175.5,540
175.6,540
175.7,541
175.8,541
175.9,541
176.0,542
176.1,542
176.2,542
176.3,542
176.4,543
176.5,543
176.6,544
176.7,544
176.8,544
176.9,545
177.0,545
177.1,545
177.2,546
177.3,546
177.4,547
177.5,547
177.6,547
177.7,548
177.8,548
177.9,548
178.0,549
178.1,549
178.2,550
178.3,550
178.4,550
178.5,551
178.6,551
178.7,551
178.8,552
178.9,552
179.0,553
179.1,553
179.2,554
179.3,554
179.4,555
179.5,556
179.6,556
179.7,557
179.8,558
179.9,558
180.0,559
180.1,559
180.2,559
180.3,559
180.4,559
180.5,559
180.6,559
180.7,559
180.8,559
180.9,559
181.0,559
181.1,559
181.2,559
181.3,559
181.4,559
181.5,559
181.6,559
181.7,559
181.8,559
181.9,560
182.0,560
182.1,560
182.2,560
182.3,560
182.4,560
182.5,560
182.6,560
182.7,560
182.8,560
182.9,561
183.0,561
183.1,561
183.2,561
183.3,561
183.4,561
183.5,561
183.6,561
183.7,561
183.8,561
183.9,562
184.0,562
184.1,562
184.2,562
184.3,562
184.4,563
184.5,563
184.6,563
184.7,563
184.8,564
184.9,564
185.0,564
185.1,564
185.2,565
185.3,565
185.4,566
185.5,566
185.6,566
185.7,567
185.8,567
185.9,568
186.0,568
186.1,568
186.2,569
186.3,569
186.4,569
186.5,570
186.6,570
186.7,571
186.8,571
186.9,571
187.0,572
187.1,572
187.2,572
187.3,573
187.4,573
187.5,574
187.6,574
187.7,574
187.8,575
187.9,575
188.0,575
188.1,576
188.2,576
188.3,577
188.4,577
188.5,577
188.6,578
188.7,578
188.8,579
188.9,579
189.0,580
189.1,580
189.2,581
189.3,581
189.4,581
189.5,582
189.6,582
189.7,583
189.8,583
189.9,584
190.0,584
190.1,585
190.2,585
190.3,586
190.4,586
190.5,587
190.6,587
190.7,588
190.8,588
190.9,589
191.0,589
191.1,590
191.2,590
191.3,591
191.4,592
191.5,592
191.6,593
191.7,593
191.8,594
191.9,595
192.0,596
192.1,596
192.2,596
192.3,596
192.4,596
192.5,597
192.6,597
192.7,597
192.8,598
192.9,598
193.0,598
193.1,598
193.2,599
193.3,599
193.4,599
193.5,600
193.6,600
193.7,600
193.8,600
193.9,601
194.0,601
194.1,601
194.2,602
194.3,602
194.4,602
194.5,603
194.6,603
194.7,604
194.8,604
194.9,604
195.0,605
195.1,605
195.2,606
195.3,606
195.4,606
195.5,607
195.6,607
195.7,607
195.8,608
195.9,608
196.0,609
196.1,609
196.2,610
196.3,610
196.4,611
196.5,611
196.6,612
196.7,612
196.8,613
196.9,613
197.0,614
197.1,614
197.2,615
197.3,615
197.4,616
197.5,616
197.6,617
197.7,617
197.8,618
197.9,618
198.0,618
198.1,619
198.2,619
198.3,620
198.4,620
198.5,621
198.6,621
198.7,622
198.8,622
198.9,623
199.0,623
199.1,624
199.2,624
199.3,625
199.4,625
199.5,625
199.6,626
199.7,626
199.8,627
199.9,627
200.0,628
200.1,629
200.2,629
200.3,630
200.4,630
200.5,631
200.6,632
200.7,632
200.8,633
200.9,633
201.0,634
201.1,635
201.2,635
201.3,635
201.4,635
201.5,635
201.6,636
201.7,636
201.8,636
201.9,636
202.0,637
202.1,637
202.2,638
202.3,638
202.4,638
202.5,639
202.6,639
202.7,639
202.8,640
202.9,640
203.0,641
203.1,641
203.2,641
203.3,642
203.4,642
203.5,642
203.6,643
203.7,643
203.8,643
203.9,644
204.0,644
204.1,645
204.2,645
204.3,646
204.4,646
204.5,647
204.6,647
204.7,648
204.8,648
204.9,649
205.0,649
205.1,650
205.2,650
205.3,650
205.4,651
205.5,651
205.6,652
205.7,652
205.8,653
205.9,653
206.0,654
206.1,654
206.2,655
206.3,655
206.4,656
206.5,656
206.6,657
206.7,657
206.8,658
206.9,658
207.0,659
207.1,659
207.2,660
207.3,661
207.4,661
207.5,662
207.6,662
207.7,663
207.8,663
207.9,664
208.0,665
208.1,666
208.2,666
208.3,667
208.4,667
208.5,668
208.6,669
208.7,669
208.8,670
208.9,671
209.0,671
209.1,672
209.2,672
209.3,672
209.4,672
209.5,672
209.6,672
209.7,672
209.8,672
209.9,672
210.0,672
210.1,672
210.2,672
210.3,672
210.4,672
210.5,673
210.6,673
210.7,673
210.8,673
210.9,673
211.0,673
211.1,673
211.2,674
211.3,674
211.4,674
211.5,674
211.6,674
211.7,675
211.8,675
211.9,675
212.0,675
212.1,675
212.2,676
212.3,676
212.4,676
212.5,676
212.6,677
212.7,677
212.8,677
212.9,678
213.0,678
213.1,678
213.2,678
213.3,679
213.4,679
213.5,679
213.6,680
213.7,680
213.8,680
213.9,680
214.0,681
214.1,681
214.2,681
214.3,682
214.4,682
214.5,682
214.6,683
214.7,683
214.8,683
214.9,683
215.0,684
215.1,684
215.2,685
215.3,685
215.4,685
215.5,686
215.6,686
215.7,686
215.8,687
215.9,687
216.0,688
216.1,688
216.2,688
216.3,689
216.4,689
216.5,690
216.6,690
216.7,691
216.8,691
216.9,692
217.0,692
217.1,693
217.2,693
217.3,693
217.4,693
217.5,693
217.6,693
217.7,693
217.8,693
217.9,693
218.0,693
218.1,693
218.2,694
218.3,694
218.4,694
218.5,694
218.6,694
218.7,694
218.8,694
218.9,694
219.0,694
219.1,694
219.2,695
219.3,695
219.4,695
219.5,695
219.6,695
219.7,695
219.8,695
219.9,695
220.0,695
220.1,695
220.2,695
220.3,696
220.4,696
220.5,696
220.6,696
220.7,696
220.8,696
220.9,696
221.0,696
221.1,696
221.2,696
221.3,697
221.4,697
221.5,697
221.6,697
221.7,697
221.8,697
221.9,697
222.0,697
222.1,697
222.2,697
222.3,698
222.4,698
222.5,698
222.6,698
222.7,698
222.8,698
222.9,698
223.0,699
223.1,699
223.2,699
223.3,699
223.4,699
223.5,700
223.6,700
223.7,700
223.8,700
223.9,700
224.0,701
224.1,701
224.2,701
224.3,701
224.4,701
224.5,702
224.6,702
224.7,702
224.8,702
224.9,703
225.0,703
225.1,703
225.2,704
225.3,704
225.4,704
225.5,704
225.6,705
225.7,705
225.8,706
225.9,706
226.0,706
226.1,706
226.2,707
226.3,707
226.4,707
226.5,707
226.6,707
226.7,707
226.8,707
226.9,707
227.0,707
227.1,708
227.2,708
227.3,708
227.4,708
227.5,708
227.6,709
227.7,709
227.8,709
227.9,709
228.0,709
228.1,710
228.2,710
228.3,710
228.4,710
228.5,710
228.6,710
228.7,711
228.8,711
228.9,711
229.0,711
229.1,711
229.2,712
229.3,712
229.4,712
229.5,713
229.6,713
229.7,713
229.8,714
229.9,714
230.0,714
230.1,715
230.2,715
230.3,715
230.4,716
230.5,716
230.6,717
230.7,717
230.8,717
230.9,718
231.0,718
231.1,718
231.2,719
231.3,719
231.4,720
231.5,720
231.6,720
231.7,721
231.8,721
231.9,722
232.0,722
232.1,723
232.2,723
232.3,724
232.4,724
232.5,725
232.6,725
232.7,726
232.8,727
232.9,727
233.0,728
233.1,729
233.2,729
233.3,730
233.4,731
233.5,732
233.6,733
233.7,734
233.8,734
233.9,735
234.0,736
234.1,736
234.2,736
234.3,737
234.4,737
234.5,737
234.6,737
234.7,737
234.8,737
234.9,737
235.0,737
235.1,737
235.2,737
235.3,737
235.4,738
235.5,738
235.6,738
235.7,738
235.8,738
235.9,738
236.0,738
236.1,738
236.2,738
236.3,738
236.4,739
236.5,739
236.6,739
236.7,739
236.8,739
236.9,739
237.0,740
237.1,740
237.2,740
237.3,740
237.4,741
237.5,741
237.6,741
237.7,742
237.8,742
237.9,742
238.0,742
238.1,743
238.2,743
238.3,743
238.4,744
238.5,744
238.6,744
238.7,744
238.8,745
238.9,745
239.0,745
239.1,745
239.2,746
239.3,746
239.4,746
239.5,747
239.6,747
239.7,747
239.8,747
239.9,748
240.0,748
240.1,748
240.2,749
240.3,749
240.4,749
240.5,749
240.6,750
240.7,750
240.8,750
240.9,751
241.0,751
241.1,751
241.2,752
241.3,752
241.4,753
241.5,753
241.6,753
241.7,754
241.8,754
241.9,755
242.0,755
242.1,756
242.2,756
242.3,756
242.4,756
242.5,756
242.6,757
242.7,757
242.8,757
242.9,757
243.0,757
243.1,757
243.2,758
243.3,758
243.4,758
243.5,758
243.6,758
243.7,759
243.8,759
243.9,759
244.0,759
244.1,759
244.2,760
244.3,760
244.4,760
244.5,760
244.6,761
244.7,761
244.8,761
244.9,761
245.0,762
245.1,762
245.2,762
245.3,763
245.4,763
245.5,763
245.6,763
245.7,764
245.8,764
245.9,764
246.0,765
246.1,765
246.2,765
246.3,765
246.4,766
246.5,766
246.6,766
246.7,767
246.8,767
246.9,767
247.0,767
247.1,768
247.2,768
247.3,768
247.4,768
247.5,769
247.6,769
247.7,769
247.8,770
247.9,770
248.0,770
248.1,770
248.2,771
248.3,771
248.4,771
248.5,772
248.6,772
248.7,772
248.8,773
248.9,773
249.0,774
249.1,774
249.2,774
249.3,775
249.4,775
249.5,776
249.6,776
249.7,777
249.8,777
249.9,778
250.0,778
250.1,778
250.2,779
250.3,779
250.4,779
250.5,779
250.6,779
250.7,780
250.8,780
250.9,780
251.0,780
251.1,781
251.2,781
251.3,781
251.4,782
251.5,782
251.6,782
251.7,782
251.8,783
251.9,783
252.0,783
252.1,784
252.2,784
252.3,784
252.4,784
252.5,785
252.6,785
252.7,785
252.8,785
252.9,786
253.0,786
253.1,787
253.2,787
253.3,787
253.4,788
253.5,788
253.6,789
253.7,789
253.8,789
253.9,790
254.0,790
254.1,790
254.2,791
254.3,791
254.4,792
254.5,792
254.6,792
254.7,793
254.8,793
254.9,793
255.0,794
255.1,794
255.2,795
255.3,795
255.4,795
255.5,796
255.6,796
255.7,796
255.8,797
255.9,797
256.0,797
256.1,798
256.2,798
256.3,799
256.4,799
256.5,800
256.6,800
256.7,801
256.8,801
256.9,801
257.0,802
257.1,802
257.2,803
257.3,803
257.4,804
257.5,804
257.6,805
257.7,805
257.8,806
257.9,806
258.0,807
258.1,807
258.2,807
258.3,807
258.4,807
258.5,808
258.6,808
258.7,808
258.8,808
258.9,808
259.0,809
259.1,809
259.2,809
259.3,809
259.4,809
259.5,809
259.6,810
259.7,810
259.8,810
259.9,810
260.0,810
260.1,811
260.2,811
260.3,811
260.4,811
260.5,811
260.6,812
260.7,812
260.8,812
260.9,812
261.0,812
261.1,813
261.2,813
261.3,813
261.4,813
261.5,813
261.6,813
261.7,814
261.8,814
261.9,814
262.0,814
262.1,814
262.2,815
262.3,815
262.4,815
262.5,815
262.6,815
262.7,816
262.8,816
262.9,816
263.0,816
263.1,816
263.2,817
263.3,817
263.4,817
263.5,817
263.6,817
263.7,817
263.8,818
263.9,818
264.0,818
264.1,818
264.2,818
264.3,819
264.4,819
264.5,819
264.6,819
264.7,820
264.8,820
264.9,820
265.0,820
265.1,821
265.2,821
265.3,821
265.4,822
265.5,822
265.6,823
265.7,823
265.8,823
265.9,824
266.0,824
266.1,824
266.2,825
266.3,825
266.4,825
266.5,825
266.6,825
266.7,826
266.8,826
266.9,826
267.0,826
267.1,826
267.2,826
267.3,827
267.4,827
267.5,827
267.6,827
267.7,827
267.8,828
267.9,828
268.0,828
268.1,828
268.2,828
268.3,828
268.4,829
268.5,829
268.6,829
268.7,829
268.8,829
268.9,830
269.0,830
269.1,830
269.2,830
269.3,830
269.4,831
269.5,831
269.6,831
269.7,831
269.8,831
269.9,832
270.0,832
270.1,832
270.2,832
270.3,833
270.4,833
270.5,833
270.6,834
270.7,834
270.8,834
270.9,834
271.0,835
271.1,835
271.2,835
271.3,836
271.4,836
271.5,836
271.6,836
271.7,837
271.8,837
271.9,837
272.0,838
272.1,838
272.2,838
272.3,838
272.4,839
272.5,839
272.6,839
272.7,840
272.8,840
272.9,840
273.0,841
273.1,841
273.2,841
273.3,842
273.4,842
273.5,842
273.6,843
273.7,843
273.8,844
273.9,844
274.0,845
274.1,845
274.2,845
274.3,845
274.4,845
274.5,846
274.6,846
274.7,846
274.8,846
274.9,846
275.0,847
275.1,847
275.2,847
275.3,847
275.4,847
275.5,848
275.6,848
275.7,848
275.8,848
275.9,848
276.0,849
276.1,849
276.2,849
276.3,849
276.4,849
276.5,849
276.6,850
276.7,850
276.8,850
276.9,850
277.0,850
277.1,851
277.2,851
277.3,851
277.4,851
277.5,851
277.6,852
277.7,852
277.8,852
277.9,852
278.0,852
278.1,853
278.2,853
278.3,853
278.4,853
278.5,853
278.6,854
278.7,854
278.8,854
278.9,854
279.0,855
279.1,855
279.2,855
279.3,856
279.4,856
279.5,856
279.6,857
279.7,857
279.8,857
279.9,858
280.0,858
280.1,859
280.2,859
280.3,859
280.4,860
280.5,860
280.6,861
280.7,861
280.8,861
280.9,862
281.0,862
281.1,863
281.2,863
281.3,863
281.4,864
281.5,864
281.6,864
281.7,865
281.8,865
281.9,866
282.0,866
282.1,867
282.2,867
282.3,868
282.4,868
282.5,869
282.6,870
282.7,870
282.8,871
282.9,871
283.0,872
283.1,872
283.2,872
283.3,872
283.4,872
283.5,872
283.6,873
283.7,873
283.8,873
283.9,873
284.0,873
284.1,874
284.2,874
284.3,874
284.4,874
284.5,874
284.6,874
284.7,875
284.8,875
284.9,875
285.0,875
285.1,875
285.2,876
285.3,876
285.4,876
285.5,876
285.6,876
285.7,877
285.8,877
285.9,877
286.0,877
286.1,877
286.2,878
286.3,878
286.4,878
286.5,878
286.6,878
286.7,878
286.8,879
286.9,879
287.0,879
287.1,879
287.2,879
287.3,880
287.4,880
287.5,880
287.6,880
287.7,880
287.8,881
287.9,881
288.0,881
288.1,881
288.2,881
288.3,882
288.4,882
288.5,882
288.6,882
288.7,882
288.8,883
288.9,883
289.0,883
289.1,884
289.2,884
289.3,884
289.4,885
289.5,885
289.6,885
289.7,886
289.8,886
289.9,887
290.0,887
290.1,887
290.2,888
290.3,888
290.4,889
290.5,889
290.6,890
290.7,890
290.8,891
290.9,891
291.0,892
291.1,892
291.2,892
291.3,892
291.4,892
291.5,892
291.6,892
291.7,892
291.8,892
291.9,892
292.0,892
292.1,892
292.2,893
292.3,893
292.4,893
292.5,893
292.6,893
292.7,894
292.8,894
292.9,894
293.0,894
293.1,894
293.2,895
293.3,895
293.4,895
293.5,895
293.6,895
293.7,895
293.8,896
293.9,896
294.0,896
294.1,896
294.2,896
294.3,897
294.4,897
294.5,897
294.6,897
294.7,897
294.8,898
294.9,898
295.0,898
295.1,898
295.2,898
295.3,899
295.4,899
295.5,899
295.6,899
295.7,899
295.8,899
295.9,900
296.0,900
296.1,900
296.2,901
296.3,901
296.4,901
296.5,901
296.6,902
296.7,902
296.8,903
296.9,903
297.0,904
297.1,904
297.2,904
297.3,905
297.4,905
297.5,906
297.6,906
297.7,907
297.8,907
297.9,908
298.0,908
298.1,909
298.2,909
298.3,910
298.4,910
298.5,911
298.6,912
298.7,912
298.8,913
298.9,913
299.0,914
299.1,914
299.2,915
299.3,916
299.4,916
299.5,917
299.6,917
299.7,918
299.8,918
299.9,919
300.0,920
300.1,920
300.2,921
300.3,921
300.4,922
300.5,922
300.6,923
300.7,924
300.8,924
300.9,925
301.0,926
301.1,926
301.2,927
301.3,928
301.4,929
301.5,930
301.6,930
301.7,931
301.8,932
301.9,933
302.0,933
302.1,934
302.2,934
302.3,934
302.4,934
302.5,934
302.6,935
302.7,935
302.8,935
302.9,935
303.0,936
303.1,936
303.2,936
303.3,936
303.4,937
303.5,937
303.6,937
303.7,938
303.8,938
303.9,938
304.0,938
304.1,939
304.2,939
304.3,939
304.4,940
304.5,940
304.6,940
304.7,940
304.8,941
304.9,941
305.0,941
305.1,942
305.2,942
305.3,942
305.4,942
305.5,943
305.6,943
305.7,943
305.8,944
305.9,944
306.0,944
306.1,944
306.2,945
306.3,945
306.4,945
306.5,946
306.6,946
306.7,946
306.8,946
306.9,947
307.0,947
307.1,947
307.2,948
307.3,948
307.4,948
307.5,948
307.6,949
307.7,949
307.8,949
307.9,950
308.0,950
308.1,950
308.2,950
308.3,951
308.4,951
308.5,951
308.6,952
308.7,952
308.8,952
308.9,952
309.0,953
309.1,953
309.2,953
309.3,954
309.4,954
309.5,954
309.6,955
309.7,955
309.8,955
309.9,955
310.0,956
310.1,956
310.2,956
310.3,956
310.4,956
310.5,956
310.6,956
310.7,956
310.8,956
310.9,956
311.0,956
311.1,956
311.2,956
311.3,956
311.4,956
311.5,956
311.6,956
311.7,956
311.8,956
311.9,956
312.0,956
312.1,956
312.2,956
312.3,956
312.4,956
312.5,956
312.6,956
312.7,956
312.8,956
312.9,956
313.0,956
313.1,956
313.2,956
313.3,956
313.4,956
313.5,956
313.6,956
313.7,956
313.8,956
313.9,956
314.0,956
314.1,956
314.2,956
314.3,956
314.4,956
314.5,956
314.6,956
314.7,956
314.8,956
314.9,956
315.0,956
315.1,956
315.2,956
315.3,956
315.4,956
315.5,956
315.6,956
315.7,956
315.8,956
315.9,956
316.0,956
316.1,956
316.2,956
316.3,956
316.4,956
316.5,956
316.6,956
316.7,956
316.8,956
316.9,956
317.0,956
317.1,956
317.2,956
317.3,956
317.4,956
317.5,956
317.6,956
317.7,956
317.8,956
317.9,956
318.0,956
318.1,956
318.2,956
318.3,956
318.4,956
318.5,956
318.6,956
318.7,956
318.8,956
318.9,956
319.0,956
319.1,956
319.2,956
319.3,956
319.4,956
319.5,956
319.6,956
319.7,956
319.8,956
319.9,956
320.0,956
320.1,956
320.2,956
320.3,956
320.4,956
320.5,956
320.6,956
320.7,956
320.8,956
320.9,956
321.0,956
321.1,956
321.2,956
321.3,956
321.4,956
321.5,956
321.6,956
321.7,956
321.8,956
321.9,956
322.0,956
322.1,956
322.2,956
322.3,956
322.4,956
322.5,956
322.6,956
322.7,956
322.8,956
322.9,956
323.0,956
323.1,956
323.2,956
323.3,956
323.4,956
323.5,956
323.6,956
323.7,956
323.8,956
323.9,956
324.0,956
324.1,956
324.2,956
324.3,956
324.4,956
324.5,956
324.6,956
324.7,956
324.8,956
324.9,956
325.0,956
325.1,956
325.2,956
325.3,956
325.4,956
325.5,956
325.6,956
325.7,956
325.8,956
325.9,956
326.0,956
326.1,956
326.2,956
326.3,956
326.4,956
326.5,956
326.6,956
326.7,956
326.8,956
326.9,956
327.0,956
327.1,956
327.2,956
327.3,956
327.4,956
327.5,956
327.6,956
327.7,956
327.8,956
327.9,956
328.0,956
328.1,956
328.2,956
328.3,956
328.4,956
328.5,956
328.6,956
328.7,956
328.8,956
328.9,956
329.0,956
329.1,956
329.2,956
329.3,956
329.4,956
329.5,956
329.6,956
329.7,956
329.8,956
329.9,956
330.0,956
330.1,956
330.2,956
330.3,956
330.4,956
330.5,956
330.6,956
330.7,956
330.8,956
330.9,956
331.0,956
331.1,956
331.2,956
331.3,956
331.4,956
331.5,956
331.6,956
331.7,956
331.8,956
331.9,956
332.0,956
332.1,956
332.2,956
332.3,956
332.4,956
332.5,956
332.6,956
332.7,956
332.8,956
332.9,956
333.0,956
333.1,956
333.2,956
333.3,956
333.4,956
333.5,956
333.6,956
333.7,956
333.8,956
333.9,956
334.0,956
334.1,956
334.2,956
334.3,956
334.4,956
334.5,956
334.6,956
334.7,956
334.8,956
334.9,956
335.0,956
335.1,956
335.2,956
335.3,956
335.4,956
335.5,956
335.6,956
335.7,956
335.8,956
335.9,956
336.0,956
336.1,956
336.2,956
336.3,956
336.4,956
336.5,956
336.6,956
336.7,956
336.8,956
336.9,956
337.0,956
337.1,956
337.2,956
337.3,956
337.4,956
337.5,956
337.6,956
337.7,956
337.8,956
337.9,956
338.0,956
338.1,956
338.2,956
338.3,956
338.4,956
338.5,956
338.6,956
338.7,956
338.8,956
338.9,956
339.0,956
339.1,956
339.2,956
339.3,956
339.4,956
339.5,956
339.6,956
339.7,956
339.8,956
339.9,956
340.0,956
340.1,956
340.2,956
340.3,956
340.4,956
340.5,956
340.6,956
340.7,956
340.8,956
340.9,956
341.0,956
341.1,956
341.2,956
341.3,956
341.4,956
341.5,956
341.6,956
341.7,956
341.8,956
341.9,956
342.0,956
342.1,956
342.2,956
342.3,956
342.4,956
342.5,956
342.6,956
342.7,956
342.8,956
342.9,956
343.0,956
343.1,956
343.2,956
343.3,956
343.4,956
343.5,956
343.6,956
343.7,956
343.8,956
343.9,956
344.0,956
344.1,956
344.2,956
344.3,956
344.4,956
344.5,956
344.6,956
344.7,956
344.8,956
344.9,956
345.0,956
345.1,956
345.2,956
345.3,956
345.4,956
345.5,956
345.6,956
345.7,956
345.8,956
345.9,956
346.0,956
346.1,956
346.2,956
346.3,956
346.4,956
346.5,956
346.6,956
346.7,956
346.8,956
346.9,956
347.0,956
347.1,956
347.2,956
347.3,956
347.4,956
347.5,956
347.6,956
347.7,956
347.8,956
347.9,956
348.0,956
348.1,956
348.2,956
348.3,956
348.4,956
348.5,956
348.6,956
348.7,956
348.8,956
348.9,956
349.0,956
349.1,956
349.2,956
349.3,956
349.4,956
349.5,956
349.6,956
349.7,956
349.8,956
349.9,956
350.0,956
350.1,956
350.2,956
350.3,956
350.4,956
350.5,956
350.6,956
350.7,956
350.8,956
350.9,956
351.0,956
351.1,956
351.2,956
351.3,956
351.4,956
351.5,956
351.6,956
351.7,956
351.8,956
351.9,956
352.0,956
352.1,956
352.2,956
352.3,956
352.4,956
352.5,956
352.6,956
352.7,956
352.8,956
352.9,956
353.0,956
353.1,956
353.2,956
353.3,956
353.4,956
353.5,956
353.6,956
353.7,956
353.8,956
353.9,956
354.0,956
354.1,956
354.2,956
354.3,956
354.4,956
354.5,956
354.6,956
354.7,956
354.8,956
354.9,956
355.0,956
355.1,956
355.2,956
355.3,956
355.4,956
355.5,956
355.6,956
355.7,956
355.8,956
355.9,956
356.0,956
356.1,956
356.2,956
356.3,956
356.4,956
356.5,956
356.6,956
356.7,956
356.8,956
356.9,956
357.0,956
357.1,956
357.2,956
357.3,956
357.4,956
357.5,956
357.6,956
357.7,956
357.8,956
357.9,956
358.0,956
358.1,956
358.2,956
358.3,956
358.4,956
358.5,956
358.6,956
358.7,956
358.8,956
358.9,956
359.0,956
359.1,956
359.2,956
359.3,956
359.4,956
359.5,956
359.6,956
359.7,956
359.8,956
359.9,956
360.0,956
360.1,956
360.2,956
360.3,956
360.4,956
360.5,956
360.6,956
360.7,956
360.8,956
360.9,956
361.0,956
361.1,956
361.2,956
361.3,956
361.4,956
361.5,956
361.6,956
361.7,956
361.8,956
361.9,956
362.0,956
362.1,956
362.2,956
362.3,956
362.4,956
362.5,956
362.6,956
362.7,956
362.8,956
362.9,956
363.0,956
363.1,956
363.2,956
363.3,956
363.4,956
363.5,956
363.6,956
363.7,956
363.8,956
363.9,956
364.0,956
364.1,956
364.2,956
364.3,956
364.4,956
364.5,956
364.6,956
364.7,956
364.8,956
364.9,956
365.0,956
365.1,956
365.2,956
365.3,956
365.4,956
365.5,956
365.6,956
365.7,956
365.8,956
365.9,956
366.0,956
366.1,956
366.2,956
366.3,956
366.4,956
366.5,956
366.6,956
366.7,956
366.8,956
366.9,956
367.0,956
367.1,956
367.2,956
367.3,956
367.4,956
367.5,956
367.6,956
367.7,956
367.8,956
367.9,956
368.0,956
368.1,956
368.2,956
368.3,956
368.4,956
368.5,956
368.6,956
368.7,956
368.8,956
368.9,956
369.0,956
369.1,956
369.2,956
369.3,956
369.4,956
369.5,956
369.6,956
369.7,956
369.8,956
369.9,956
370.0,956
370.1,956
370.2,956
370.3,956
370.4,956
370.5,956
370.6,956
370.7,956
370.8,956
370.9,956
371.0,956
371.1,956
371.2,956
371.3,956
371.4,956
371.5,956
371.6,956
371.7,956
371.8,956
371.9,956
372.0,956
372.1,956
372.2,956
372.3,956
372.4,956
372.5,956
372.6,956
372.7,956
372.8,956
372.9,956
373.0,956
373.1,956
373.2,956
373.3,956
373.4,956
373.5,956
373.6,956
373.7,956
373.8,956
373.9,956
374.0,956
374.1,956
374.2,956
374.3,956
374.4,956
374.5,956
374.6,956
374.7,956
374.8,956
374.9,956
375.0,956
375.1,956
375.2,956
375.3,956
375.4,956
375.5,956
375.6,956
375.7,956
375.8,956
375.9,956
376.0,956
376.1,956
376.2,956
376.3,956
376.4,956
376.5,956
376.6,956
376.7,956
376.8,956
376.9,956
377.0,956
377.1,956
377.2,956
377.3,956
377.4,956
377.5,956
377.6,956
377.7,956
377.8,956
377.9,956
378.0,956
378.1,956
378.2,956
378.3,956
378.4,956
378.5,956
378.6,956
378.7,956
378.8,956
378.9,956
379.0,956
379.1,956
379.2,956
379.3,956
379.4,956
379.5,956
379.6,956
379.7,956
379.8,956
379.9,956
380.0,956
380.1,956
380.2,956
380.3,956
380.4,956
380.5,956
380.6,956
380.7,956
380.8,956
380.9,956
381.0,956
381.1,956
381.2,956
381.3,956
381.4,956
381.5,956
381.6,956
381.7,956
381.8,956
381.9,956
382.0,956
382.1,956
382.2,956
382.3,956
382.4,956
382.5,956
382.6,956
382.7,956
382.8,956
382.9,956
383.0,956
383.1,956
383.2,956
383.3,956
383.4,956
383.5,956
383.6,956
383.7,956
383.8,956
383.9,956
384.0,956
384.1,956
384.2,956
384.3,956
384.4,956
384.5,956
384.6,956
384.7,956
384.8,956
384.9,956
385.0,956
385.1,956
385.2,956
385.3,956
385.4,956
385.5,956
385.6,956
385.7,956
385.8,956
385.9,956
386.0,956
386.1,956
386.2,956
386.3,956
386.4,956
386.5,956
386.6,956
386.7,956
386.8,956
386.9,956
387.0,956
387.1,956
387.2,956
387.3,956
387.4,956
387.5,956
387.6,956
387.7,956
387.8,956
387.9,956
388.0,956
388.1,956
388.2,956
388.3,956
388.4,956
388.5,956
388.6,956
388.7,956
388.8,956
388.9,956
389.0,956
389.1,956
389.2,956
389.3,956
389.4,956
389.5,956
389.6,956
389.7,956
389.8,956
389.9,956
390.0,956
390.1,956
390.2,956
390.3,956
390.4,956
390.5,956
390.6,956
390.7,956
390.8,956
390.9,956
391.0,956
391.1,956
391.2,956
391.3,956
391.4,956
391.5,956
391.6,956
391.7,956
391.8,956
391.9,956
392.0,956
392.1,956
392.2,956
392.3,956
392.4,956
392.5,956
392.6,956
392.7,956
392.8,956
392.9,956
393.0,956
393.1,956
393.2,956
393.3,956
393.4,956
393.5,956
393.6,956
393.7,956
393.8,956
393.9,956
394.0,956
394.1,956
394.2,956
394.3,956
394.4,956
394.5,956
394.6,956
394.7,956
394.8,956
394.9,956
395.0,956
395.1,956
395.2,956
395.3,956
395.4,956
395.5,956
395.6,956
395.7,956
395.8,956
395.9,956
396.0,956
396.1,956
396.2,956
396.3,956
396.4,956
396.5,956
396.6,956
396.7,956
396.8,956
396.9,956
397.0,956
397.1,956
397.2,956
397.3,956
397.4,956
397.5,956
397.6,956
397.7,956
397.8,956
397.9,956
398.0,956
398.1,956
398.2,956
398.3,956
398.4,956
398.5,956
398.6,956
398.7,956
398.8,956
398.9,956
399.0,956
399.1,956
399.2,956
399.3,956
399.4,956
399.5,956
399.6,956
399.7,956
399.8,956
399.9,956
400.0,956
400.1,956
400.2,956
400.3,956
400.4,956
400.5,956
400.6,956
400.7,956
400.8,956
400.9,956
401.0,956
401.1,956
401.2,956
401.3,956
401.4,956
401.5,956
401.6,956
401.7,956
401.8,956
401.9,956
402.0,956
402.1,956
402.2,956
402.3,956
402.4,956
402.5,956
402.6,956
402.7,956
402.8,956
402.9,956
403.0,956
403.1,956
403.2,956
403.3,956
403.4,956
403.5,956
403.6,956
403.7,956
403.8,956
403.9,956
404.0,956
404.1,956
404.2,956
404.3,956
404.4,956
404.5,956
404.6,956
404.7,956
404.8,956
404.9,956
405.0,956
405.1,956
405.2,956
405.3,956
405.4,956
405.5,956
405.6,956
405.7,956
405.8,956
405.9,956
406.0,956
406.1,956
406.2,956
406.3,956
406.4,956
406.5,956
406.6,956
406.7,956
406.8,956
406.9,956
407.0,956
407.1,956
407.2,956
407.3,956
407.4,956
407.5,956
407.6,956
407.7,956
407.8,956
407.9,956
408.0,956
408.1,956
408.2,956
408.3,956
408.4,956
408.5,956
408.6,956
408.7,956
408.8,956
408.9,956
409.0,956
409.1,956
409.2,956
409.3,956
409.4,956
409.5,956
409.6,956
409.7,956
409.8,956
409.9,956
410.0,956
410.1,956
410.2,956
410.3,956
410.4,956
410.5,956
410.6,956
410.7,956
410.8,956
410.9,956
411.0,956
411.1,956
411.2,956
411.3,956
411.4,956
411.5,956
411.6,956
411.7,956
411.8,956
411.9,956
412.0,956
412.1,956
412.2,956
412.3,956
412.4,956
412.5,956
412.6,956
412.7,956
412.8,956
412.9,956
413.0,956
413.1,956
413.2,956
413.3,956
413.4,956
413.5,956
413.6,956
413.7,956
413.8,956
413.9,956
414.0,956
414.1,956
414.2,956
414.3,956
414.4,956
414.5,956
414.6,956
414.7,956
414.8,956
414.9,956
415.0,956
415.1,956
415.2,956
415.3,956
415.4,956
415.5,956
415.6,956
415.7,956
415.8,956
415.9,956
416.0,956
416.1,956
416.2,956
416.3,956
416.4,956
416.5,956
416.6,956
416.7,956
416.8,956
416.9,956
417.0,956
417.1,956
417.2,956
417.3,956
417.4,956
417.5,956
417.6,956
417.7,956
417.8,956
417.9,956
418.0,956
418.1,956
418.2,956
418.3,956
418.4,956
418.5,956
418.6,956
418.7,956
418.8,956
418.9,956
419.0,956
419.1,956
419.2,956
419.3,956
419.4,956
419.5,956
419.6,956
419.7,956
419.8,956
419.9,956
420.0,956
420.1,956
420.2,956
420.3,956
420.4,956
420.5,956
420.6,956
420.7,956
420.8,956
420.9,956
421.0,956
421.1,956
421.2,956
421.3,956
421.4,956
421.5,956
421.6,956
421.7,956
421.8,956
421.9,956
422.0,956
422.1,956
422.2,956
422.3,956
422.4,956
422.5,956
422.6,956
422.7,956
422.8,956
422.9,956
423.0,956
423.1,956
423.2,956
423.3,956
423.4,956
423.5,956
423.6,956
423.7,956
423.8,956
423.9,956
424.0,956
424.1,956
424.2,956
424.3,956
424.4,956
424.5,956
424.6,956
424.7,956
424.8,956
424.9,956
425.0,956
425.1,956
425.2,956
425.3,956
425.4,956
425.5,956
425.6,956
425.7,956
425.8,956
425.9,956
426.0,956
426.1,956
426.2,956
426.3,956
426.4,956
426.5,956
426.6,956
426.7,956
426.8,956
426.9,956
427.0,956
427.1,956
427.2,956
427.3,956
427.4,956
427.5,956
427.6,956
427.7,956
427.8,956
427.9,956
428.0,956
428.1,956
428.2,956
428.3,956
428.4,956
428.5,956
428.6,956
428.7,956
428.8,956
428.9,956
429.0,956
429.1,956
429.2,956
429.3,956
429.4,956
429.5,956
429.6,956
429.7,956
429.8,956
429.9,956
430.0,956
430.1,956
430.2,956
430.3,956
430.4,956
430.5,956
430.6,956
430.7,956
430.8,956
430.9,956
431.0,956
431.1,956
431.2,956
431.3,956
431.4,956
431.5,956
431.6,956
431.7,956
431.8,956
431.9,956
432.0,956
432.1,956
432.2,956
432.3,956
432.4,956
432.5,956
432.6,956
432.7,956
432.8,956
432.9,956
433.0,956
433.1,956
433.2,956
433.3,956
433.4,956
433.5,956
433.6,956
433.7,956
433.8,956
433.9,956
434.0,956
434.1,956
434.2,956
434.3,956
434.4,956
434.5,956
434.6,956
434.7,956
434.8,956
434.9,956
435.0,956
435.1,956
435.2,956
435.3,956
435.4,956
435.5,956
435.6,956
435.7,956
435.8,956
435.9,956
436.0,956
436.1,956
436.2,956
436.3,956
436.4,956
436.5,956
436.6,956
436.7,956
436.8,956
436.9,956
437.0,956
437.1,956
437.2,956
437.3,956
437.4,956
437.5,956
437.6,956
437.7,956
437.8,956
437.9,956
438.0,956
438.1,956
438.2,956
438.3,956
438.4,956
438.5,956
438.6,956
438.7,956
438.8,956
438.9,956
439.0,956
439.1,956
439.2,956
439.3,956
439.4,956
439.5,956
439.6,956
439.7,956
439.8,956
439.9,956
440.0,956
440.1,956
440.2,956
440.3,956
440.4,956
440.5,956
440.6,956
440.7,956
440.8,956
440.9,956
441.0,956
441.1,956
441.2,956
441.3,956
441.4,956
441.5,956
441.6,956
441.7,956
441.8,956
441.9,956
442.0,956
442.1,956
442.2,956
442.3,956
442.4,956
442.5,956
442.6,956
442.7,956
442.8,956
442.9,956
443.0,956
443.1,956
443.2,956
443.3,956
443.4,956
443.5,956
443.6,956
443.7,956
443.8,956
443.9,956
444.0,956
444.1,956
444.2,956
444.3,956
444.4,956
444.5,956
444.6,956
444.7,956
444.8,956
444.9,956
445.0,956
445.1,956
445.2,956
445.3,956
445.4,956
445.5,956
445.6,956
445.7,956
445.8,956
445.9,956
446.0,956
446.1,956
446.2,956
446.3,956
446.4,956
446.5,956
446.6,956
446.7,956
446.8,956
446.9,956
447.0,956
447.1,956
447.2,956
447.3,956
447.4,956
447.5,956
447.6,956
447.7,956
447.8,956
447.9,956
448.0,956
448.1,956
448.2,956
448.3,956
448.4,956
448.5,956
448.6,956
448.7,956
448.8,956
448.9,956
449.0,956
449.1,956
449.2,956
449.3,956
449.4,956
449.5,956
449.6,956
449.7,956
449.8,956
449.9,956
450.0,956
450.1,956
450.2,956
450.3,956
450.4,956
450.5,956
450.6,956
450.7,956
450.8,956
450.9,956
451.0,956
451.1,956
451.2,956
451.3,956
451.4,956
451.5,956
451.6,956
451.7,956
451.8,956
451.9,956
452.0,956
452.1,956
452.2,956
452.3,956
452.4,956
452.5,956
452.6,956
452.7,956
452.8,956
452.9,956
453.0,956
453.1,956
453.2,956
453.3,956
453.4,956
453.5,956
453.6,956
453.7,956
453.8,956
453.9,956
454.0,956
454.1,956
454.2,956
454.3,956
454.4,956
454.5,956
454.6,956
454.7,956
454.8,956
454.9,956
455.0,956
455.1,956
455.2,956
455.3,956
455.4,956
455.5,956
455.6,956
455.7,956
455.8,956
455.9,956
456.0,956
456.1,956
456.2,956
456.3,956
456.4,956
456.5,956
456.6,956
456.7,956
456.8,956
456.9,956
457.0,956
457.1,956
457.2,956
457.3,956
457.4,956
457.5,956
457.6,956
457.7,956
457.8,956
457.9,956
458.0,956
458.1,956
458.2,956
458.3,956
458.4,956
458.5,956
458.6,956
458.7,956
458.8,956
458.9,956
459.0,956
459.1,956
459.2,956
459.3,956
459.4,956
459.5,956
459.6,956
459.7,956
459.8,956
459.9,956
460.0,956
460.1,956
460.2,956
460.3,956
460.4,956
460.5,956
460.6,956
460.7,956
460.8,956
460.9,956
461.0,956
461.1,956
461.2,956
461.3,956
461.4,956
461.5,956
461.6,956
461.7,956
461.8,956
461.9,956
462.0,956
462.1,956
462.2,956
462.3,956
462.4,956
462.5,956
462.6,956
462.7,956
462.8,956
462.9,956
463.0,956
463.1,956
463.2,956
463.3,956
463.4,956
463.5,956
463.6,956
463.7,956
463.8,956
463.9,956
464.0,956
464.1,956
464.2,956
464.3,956
464.4,956
464.5,956
464.6,956
464.7,956
464.8,956
464.9,956
465.0,956
465.1,956
465.2,956
465.3,956
465.4,956
465.5,956
465.6,956
465.7,956
465.8,956
465.9,956
466.0,956
466.1,956
466.2,956
466.3,956
466.4,956
466.5,956
466.6,956
466.7,956
466.8,956
466.9,956
467.0,956
467.1,956
467.2,956
467.3,956
467.4,956
467.5,956
467.6,956
467.7,956
467.8,956
467.9,956
468.0,956
468.1,956
468.2,956
468.3,956
468.4,956
468.5,956
468.6,956
468.7,956
468.8,956
468.9,956
469.0,956
469.1,956
469.2,956
469.3,956
469.4,956
469.5,956
469.6,956
469.7,956
469.8,956
469.9,956
470.0,956
470.1,956
470.2,956
470.3,956
470.4,956
470.5,956
470.6,956
470.7,956
470.8,956
470.9,956
471.0,956
471.1,956
471.2,956
471.3,956
471.4,956
471.5,956
471.6,956
471.7,956
471.8,956
471.9,956
472.0,956
472.1,956
472.2,956
472.3,956
472.4,956
472.5,956
472.6,956
472.7,956
472.8,956
472.9,956
473.0,956
473.1,956
473.2,956
473.3,956
473.4,956
473.5,956
473.6,956
473.7,956
473.8,956
473.9,956
474.0,956
474.1,956
474.2,956
474.3,956
474.4,956
474.5,956
474.6,956
474.7,956
474.8,956
474.9,956
475.0,956
475.1,956
475.2,956
475.3,956
475.4,956
475.5,956
475.6,956
475.7,956
475.8,956
475.9,956
476.0,956
476.1,956
476.2,956
476.3,956
476.4,956
476.5,956
476.6,956
476.7,956
476.8,956
476.9,956
477.0,956
477.1,956
477.2,956
477.3,956
477.4,956
477.5,956
477.6,956
477.7,956
477.8,956
477.9,956
478.0,956
478.1,956
478.2,956
478.3,956
478.4,956
478.5,956
478.6,956
478.7,956
478.8,956
478.9,956
479.0,956
479.1,956
479.2,956
479.3,956
479.4,956
479.5,956
479.6,956
479.7,956
479.8,956
479.9,956
480.0,956
480.1,956
480.2,956
480.3,956
480.4,956
480.5,956
480.6,956
480.7,956
480.8,956
480.9,956
481.0,956
481.1,956
481.2,956
481.3,956
481.4,956
481.5,956
481.6,956
481.7,956
481.8,956
481.9,956
482.0,956
482.1,956
482.2,956
482.3,956
482.4,956
482.5,956
482.6,956
482.7,956
482.8,956
482.9,956
483.0,956
483.1,956
483.2,956
483.3,956
483.4,956
483.5,956
483.6,956
483.7,956
483.8,956
483.9,956
484.0,956
484.1,956
484.2,956
484.3,956
484.4,956
484.5,957
484.6,957
484.7,957
484.8,957
484.9,957
485.0,958
485.1,958
485.2,958
485.3,958
485.4,958
485.5,959
485.6,959
485.7,959
485.8,960
485.9,960
486.0,960
486.1,961
486.2,961
486.3,961
486.4,962
486.5,962
486.6,963
486.7,963
486.8,963
486.9,964
487.0,964
487.1,964
487.2,964
487.3,964
487.4,964
487.5,964
487.6,964
487.7,964
487.8,964
487.9,964
488.0,964
488.1,964
488.2,964
488.3,964
488.4,964
488.5,964
488.6,964
488.7,964
488.8,964
488.9,964
489.0,964
489.1,964
489.2,964
489.3,964
489.4,964
489.5,964
489.6,964
489.7,964
489.8,964
489.9,964
490.0,964
490.1,964
490.2,964
490.3,964
490.4,964
490.5,964
490.6,964
490.7,964
490.8,964
490.9,964
491.0,964
491.1,964
491.2,964
491.3,964
491.4,964
491.5,964
491.6,964
491.7,964
491.8,964
491.9,964
492.0,964
492.1,964
492.2,964
492.3,964
492.4,964
492.5,964
492.6,964
492.7,964
492.8,964
492.9,964
493.0,964
493.1,964
493.2,964
493.3,964
493.4,964
493.5,964
493.6,964
493.7,964
493.8,964
493.9,964
494.0,964
494.1,964
494.2,964
494.3,964
494.4,964
494.5,964
494.6,964
494.7,964
494.8,964
494.9,964
495.0,964
495.1,964
495.2,964
495.3,964
495.4,964
495.5,964
495.6,964
495.7,964
495.8,964
495.9,964
496.0,964
496.1,964
496.2,964
496.3,964
496.4,964
496.5,964
496.6,964
496.7,964
496.8,964
496.9,964
497.0,964
497.1,964
497.2,964
497.3,964
497.4,964
497.5,964
497.6,964
497.7,964
497.8,964
497.9,964
498.0,964
498.1,964
498.2,964
498.3,964
498.4,964
498.5,964
498.6,964
498.7,964
498.8,964
498.9,964
499.0,964
499.1,964
499.2,964
499.3,964
499.4,964
499.5,964
499.6,964
499.7,964
499.8,964
499.9,964
500.0,964
500.1,964
500.2,964
500.3,964
500.4,964
500.5,964
500.6,964
500.7,964
500.8,964
500.9,964
501.0,964
501.1,964
501.2,964
501.3,964
501.4,964
501.5,964
501.6,964
501.7,964
501.8,964
501.9,964
502.0,964
502.1,964
502.2,964
502.3,964
502.4,964
502.5,964
502.6,964
502.7,964
502.8,964
502.9,964
503.0,964
503.1,964
503.2,964
503.3,964
503.4,964
503.5,964
503.6,964
503.7,964
503.8,964
503.9,964
504.0,964
504.1,964
504.2,964
504.3,964
504.4,964
504.5,964
504.6,964
504.7,964
504.8,964
504.9,964
505.0,964
505.1,964
505.2,964
505.3,964
505.4,964
505.5,964
505.6,964
505.7,964
505.8,964
505.9,964
506.0,964
506.1,964
506.2,964
506.3,964
506.4,964
506.5,964
506.6,964
506.7,964
506.8,964
506.9,964
507.0,964
507.1,964
507.2,964
507.3,964
507.4,964
507.5,964
507.6,964
507.7,964
507.8,964
507.9,964
508.0,964
508.1,964
508.2,964
508.3,964
508.4,964
508.5,964
508.6,964
508.7,964
508.8,964
508.9,964
509.0,964
509.1,964
509.2,964
509.3,964
509.4,964
509.5,964
509.6,964
509.7,964
509.8,964
509.9,964
510.0,964
510.1,964
510.2,964
510.3,964
510.4,964
510.5,964
510.6,964
510.7,964
510.8,964
510.9,964
511.0,964
511.1,964
511.2,964
511.3,964
511.4,964
511.5,964
511.6,964
511.7,964
511.8,964
511.9,964
512.0,964
512.1,964
512.2,964
512.3,964
512.4,964
512.5,964
512.6,964
512.7,964
512.8,964
512.9,964
513.0,964
513.1,964
513.2,964
513.3,964
513.4,964
513.5,964
513.6,964
513.7,964
513.8,964
513.9,964
514.0,964
514.1,964
514.2,964
514.3,964
514.4,964
514.5,964
514.6,964
514.7,964
514.8,964
514.9,964
515.0,964
515.1,964
515.2,964
515.3,964
515.4,964
515.5,964
515.6,964
515.7,964
515.8,964
515.9,964
516.0,964
516.1,964
516.2,964
516.3,964
516.4,964
516.5,964
516.6,964
516.7,964
516.8,964
516.9,964
517.0,964
517.1,964
517.2,964
517.3,964
517.4,964
517.5,964
517.6,964
517.7,964
517.8,964
517.9,964
518.0,964
518.1,964
518.2,964
518.3,964
518.4,964
518.5,964
518.6,964
518.7,964
518.8,964
518.9,964
519.0,964
519.1,964
519.2,964
519.3,964
519.4,964
519.5,964
519.6,964
519.7,964
519.8,964
519.9,964
520.0,964
520.1,964
520.2,964
520.3,964
520.4,964
520.5,964
520.6,964
520.7,964
520.8,964
520.9,964
521.0,964
521.1,964
521.2,964
521.3,964
521.4,964
521.5,964
521.6,964
521.7,964
521.8,964
521.9,964
522.0,964
522.1,964
522.2,964
522.3,964
522.4,964
522.5,964
522.6,964
522.7,964
522.8,964
522.9,964
523.0,964
523.1,964
523.2,964
523.3,964
523.4,964
523.5,964
523.6,964
523.7,964
523.8,964
523.9,964
524.0,964
524.1,964
524.2,964
524.3,964
524.4,964
524.5,964
524.6,964
524.7,964
524.8,964
524.9,964
525.0,964
525.1,964
525.2,964
525.3,964
525.4,964
525.5,964
525.6,964
525.7,964
525.8,964
525.9,964
526.0,964
526.1,964
526.2,964
526.3,964
526.4,964
526.5,964
526.6,964
526.7,964
526.8,964
526.9,964
527.0,964
527.1,964
527.2,964
527.3,964
527.4,964
527.5,964
527.6,964
527.7,964
527.8,964
527.9,964
528.0,964
528.1,964
528.2,964
528.3,964
528.4,964
528.5,964
528.6,964
528.7,964
528.8,964
528.9,964
529.0,964
529.1,964
529.2,964
529.3,964
529.4,964
529.5,964
529.6,964
529.7,964
529.8,964
529.9,964
530.0,964
530.1,964
530.2,964
530.3,964
530.4,964
530.5,964
530.6,964
530.7,964
530.8,964
530.9,964
531.0,964
531.1,964
531.2,964
531.3,964
531.4,964
531.5,964
531.6,964
531.7,964
531.8,964
531.9,964
532.0,964
532.1,964
532.2,964
532.3,964
532.4,964
532.5,964
532.6,964
532.7,964
532.8,964
532.9,964
533.0,964
533.1,964
533.2,964
533.3,964
533.4,964
533.5,964
533.6,964
533.7,964
533.8,964
533.9,964
534.0,964
534.1,964
534.2,964
534.3,964
534.4,964
534.5,964
534.6,964
534.7,964
534.8,964
534.9,964
535.0,964
535.1,964
535.2,964
535.3,964
535.4,964
535.5,964
535.6,964
535.7,964
535.8,964
535.9,964
536.0,964
536.1,964
536.2,964
536.3,964
536.4,964
536.5,964
536.6,964
536.7,964
536.8,964
536.9,964
537.0,964
537.1,964
537.2,964
537.3,964
537.4,964
537.5,964
537.6,964
537.7,964
537.8,964
537.9,964
538.0,964
538.1,964
538.2,964
538.3,964
538.4,964
538.5,964
538.6,964
538.7,964
538.8,964
538.9,964
539.0,964
539.1,964
539.2,964
539.3,964
539.4,964
539.5,964
539.6,964
539.7,964
539.8,964
539.9,964
540.0,964
540.1,964
540.2,964
540.3,964
540.4,964
540.5,964
540.6,964
540.7,964
540.8,964
540.9,964
541.0,964
541.1,964
541.2,964
541.3,964
541.4,964
541.5,964
541.6,964
541.7,964
541.8,964
541.9,964
542.0,964
542.1,964
542.2,964
542.3,964
542.4,964
542.5,964
542.6,964
542.7,964
542.8,964
542.9,964
543.0,964
543.1,964
543.2,964
543.3,964
543.4,964
543.5,964
543.6,964
543.7,964
543.8,964
543.9,964
544.0,964
544.1,964
544.2,964
544.3,964
544.4,964
544.5,964
544.6,964
544.7,964
544.8,964
544.9,964
545.0,964
545.1,964
545.2,964
545.3,964
545.4,964
545.5,964
545.6,964
545.7,964
545.8,964
545.9,964
546.0,964
546.1,964
546.2,964
546.3,964
546.4,964
546.5,964
546.6,964
546.7,964
546.8,964
546.9,964
547.0,964
547.1,964
547.2,964
547.3,964
547.4,964
547.5,964
547.6,964
547.7,964
547.8,964
547.9,964
548.0,964
548.1,964
548.2,964
548.3,964
548.4,964
548.5,964
548.6,964
548.7,964
548.8,964
548.9,964
549.0,964
549.1,964
549.2,964
549.3,964
549.4,964
549.5,964
549.6,964
549.7,964
549.8,964
549.9,964
550.0,964
550.1,964
550.2,964
550.3,964
550.4,964
550.5,964
550.6,964
550.7,964
550.8,964
550.9,964
551.0,964
551.1,964
551.2,964
551.3,964
551.4,964
551.5,964
551.6,964
551.7,964
551.8,964
551.9,964
552.0,964
552.1,964
552.2,964
552.3,964
552.4,964
552.5,964
552.6,964
552.7,964
552.8,964
552.9,964
553.0,964
553.1,964
553.2,964
553.3,964
553.4,964
553.5,964
553.6,964
553.7,964
553.8,964
553.9,964
554.0,964
554.1,964
554.2,964
554.3,964
554.4,964
554.5,964
554.6,964
554.7,964
554.8,964
554.9,964
555.0,964
555.1,964
555.2,964
555.3,964
555.4,964
555.5,964
555.6,964
555.7,964
555.8,964
555.9,964
556.0,964
556.1,964
556.2,964
556.3,964
556.4,964
556.5,964
556.6,964
556.7,964
556.8,964
556.9,964
557.0,964
557.1,964
557.2,964
557.3,964
557.4,964
557.5,964
557.6,964
557.7,964
557.8,964
557.9,964
558.0,964
558.1,964
558.2,964
558.3,964
558.4,964
558.5,964
558.6,964
558.7,964
558.8,964
558.9,964
559.0,964
559.1,964
559.2,964
559.3,964
559.4,964
559.5,964
559.6,964
559.7,964
559.8,964
559.9,964
560.0,964
560.1,964
560.2,964
560.3,964
560.4,964
560.5,964
560.6,964
560.7,964
560.8,964
560.9,964
561.0,964
561.1,964
561.2,964
561.3,964
561.4,964
561.5,964
561.6,964
561.7,964
561.8,964
561.9,964
562.0,964
562.1,964
562.2,964
562.3,964
562.4,964
562.5,964
562.6,964
562.7,964
562.8,964
562.9,964
563.0,964
563.1,964
563.2,964
563.3,964
563.4,964
563.5,964
563.6,964
563.7,964
563.8,964
563.9,964
564.0,964
564.1,964
564.2,964
564.3,964
564.4,964
564.5,964
564.6,964
564.7,964
564.8,964
564.9,964
565.0,964
565.1,964
565.2,964
565.3,964
565.4,964
565.5,964
565.6,964
565.7,964
565.8,964
565.9,964
566.0,964
566.1,964
566.2,964
566.3,964
566.4,964
566.5,964
566.6,964
566.7,964
566.8,964
566.9,964
567.0,964
567.1,964
567.2,964
567.3,964
567.4,964
567.5,964
567.6,964
567.7,964
567.8,964
567.9,964
568.0,964
568.1,964
568.2,964
568.3,964
568.4,964
568.5,964
568.6,964
568.7,964
568.8,964
568.9,964
569.0,964
569.1,964
569.2,964
569.3,964
569.4,964
569.5,964
569.6,964
569.7,964
569.8,964
569.9,964
570.0,964
570.1,964
570.2,964
570.3,964
570.4,964
570.5,964
570.6,964
570.7,964
570.8,964
570.9,964
571.0,964
571.1,964
571.2,964
571.3,964
571.4,964
571.5,964
571.6,964
571.7,964
571.8,964
571.9,964
572.0,964
572.1,964
572.2,964
572.3,964
572.4,964
572.5,964
572.6,964
572.7,964
572.8,964
572.9,964
573.0,964
573.1,964
573.2,964
573.3,964
573.4,964
573.5,964
573.6,964
573.7,964
573.8,964
573.9,964
574.0,964
574.1,964
574.2,964
574.3,964
574.4,964
574.5,964
574.6,964
574.7,964
574.8,964
574.9,964
575.0,964
575.1,964
575.2,964
575.3,964
575.4,964
575.5,964
575.6,964
575.7,964
575.8,964
575.9,964
576.0,964
576.1,964
576.2,964
576.3,964
576.4,964
576.5,964
576.6,964
576.7,964
576.8,964
576.9,964
577.0,964
577.1,964
577.2,964
577.3,964
577.4,964
577.5,964
577.6,964
577.7,964
577.8,964
577.9,964
578.0,964
578.1,964
578.2,964
578.3,964
578.4,964
578.5,964
578.6,964
578.7,964
578.8,964
578.9,964
579.0,964
579.1,964
579.2,964
579.3,964
579.4,964
579.5,964
579.6,964
579.7,964
579.8,964
579.9,964
580.0,964
580.1,964
580.2,964
580.3,964
580.4,964
580.5,964
580.6,964
580.7,964
580.8,964
580.9,964
581.0,964
581.1,964
581.2,964
581.3,964
581.4,964
581.5,964
581.6,964
581.7,964
581.8,964
581.9,964
582.0,964
582.1,964
582.2,964
582.3,964
582.4,964
582.5,964
582.6,964
582.7,964
582.8,964
582.9,964
583.0,964
583.1,964
583.2,964
583.3,964
583.4,964
583.5,964
583.6,964
583.7,964
583.8,964
583.9,964
584.0,964
584.1,964
584.2,964
584.3,964
584.4,964
584.5,964
584.6,964
584.7,964
584.8,964
584.9,964
585.0,964
585.1,964
585.2,964
585.3,964
585.4,964
585.5,964
585.6,964
585.7,964
585.8,964
585.9,964
586.0,964
586.1,964
586.2,964
586.3,964
586.4,964
586.5,964
586.6,964
586.7,964
586.8,964
586.9,964
587.0,964
587.1,964
587.2,964
587.3,964
587.4,964
587.5,964
587.6,964
587.7,964
587.8,964
587.9,964
588.0,964
588.1,964
588.2,964
588.3,964
588.4,964
588.5,964
588.6,964
588.7,964
588.8,964
588.9,964
589.0,964
589.1,964
589.2,964
589.3,964
589.4,964
589.5,964
589.6,964
589.7,964
589.8,964
589.9,964
590.0,964
590.1,964
590.2,964
590.3,964
590.4,964
590.5,964
590.6,964
590.7,964
590.8,964
590.9,964
591.0,964
591.1,964
591.2,964
591.3,964
591.4,964
591.5,964
591.6,964
591.7,964
591.8,964
591.9,964
592.0,964
592.1,964
592.2,964
592.3,964
592.4,964
592.5,964
592.6,964
592.7,964
592.8,964
592.9,964
593.0,964
593.1,964
593.2,964
593.3,964
593.4,964
593.5,964
593.6,964
593.7,964
593.8,964
593.9,964
594.0,964
594.1,964
594.2,964
594.3,964
594.4,964
594.5,964
594.6,964
594.7,964
594.8,964
594.9,964
595.0,964
595.1,964
595.2,964
595.3,964
595.4,964
595.5,964
595.6,964
595.7,964
595.8,964
595.9,964
596.0,964
596.1,964
596.2,964
596.3,964
596.4,964
596.5,964
596.6,964
596.7,964
596.8,964
596.9,964
597.0,964
597.1,964
597.2,964
597.3,964
597.4,964
597.5,964
597.6,964
597.7,964
597.8,964
597.9,964
598.0,964
598.1,964
598.2,964
598.3,964
598.4,964
598.5,964
598.6,964
598.7,964
598.8,964
598.9,964
599.0,964
599.1,964
599.2,964
599.3,964
599.4,964
599.5,964
599.6,964
599.7,964
599.8,964
599.9,964
600.0,964
600.1,964
600.2,964
600.3,964
600.4,964
600.5,964
600.6,964
600.7,964
600.8,964
600.9,964
601.0,964
601.1,964
601.2,964
601.3,964
601.4,964
601.5,964
601.6,964
601.7,964
601.8,964
601.9,964
602.0,964
602.1,964
602.2,964
602.3,964
602.4,964
602.5,964
602.6,964
602.7,964
602.8,964
602.9,964
603.0,964
603.1,964
603.2,964
603.3,964
603.4,964
603.5,964
603.6,964
603.7,964
603.8,964
603.9,964
604.0,964
604.1,964
604.2,964
604.3,964
604.4,964
604.5,964
604.6,964
604.7,964
604.8,964
604.9,964
605.0,964
605.1,964
605.2,964
605.3,964
605.4,964
605.5,964
605.6,964
605.7,964
605.8,964
605.9,964
606.0,964
606.1,964
606.2,964
606.3,964
606.4,964
606.5,964
606.6,964
606.7,964
606.8,964
606.9,964
607.0,965
607.1,965
607.2,965
607.3,965
607.4,965
607.5,965
607.6,966
607.7,966
607.8,966
607.9,966
608.0,966
608.1,967
608.2,967
608.3,967
608.4,967
608.5,967
608.6,968
608.7,968
608.8,968
608.9,968
609.0,968
609.1,969
609.2,969
609.3,969
609.4,969
609.5,969
609.6,970
609.7,970
609.8,970
609.9,970
610.0,970
610.1,971
610.2,971
610.3,971
610.4,971
610.5,971
610.6,972
610.7,972
610.8,972
610.9,973
611.0,973
611.1,973
611.2,974
611.3,974
611.4,975
611.5,975
611.6,975
611.7,976
611.8,976
611.9,977
612.0,977
612.1,977
612.2,977
612.3,977
612.4,977
612.5,977
612.6,977
612.7,977
612.8,977
612.9,977
613.0,977
613.1,977
613.2,977
613.3,977
613.4,977
613.5,978
613.6,978
613.7,978
613.8,978
613.9,978
614.0,979
614.1,979
614.2,979
614.3,979
614.4,979
614.5,980
614.6,980
614.7,980
614.8,981
614.9,981
615.0,981
615.1,982
615.2,982
615.3,982
615.4,982
615.5,983
615.6,983
615.7,983
615.8,984
615.9,984
616.0,984
616.1,984
616.2,985
616.3,985
616.4,986
616.5,986
616.6,986
616.7,987
616.8,987
616.9,988
617.0,988
617.1,988
617.2,989
617.3,989
617.4,990
617.5,990
617.6,990
617.7,991
617.8,991
617.9,992
618.0,992
618.1,992
618.2,993
618.3,993
618.4,994
618.5,994
618.6,995
618.7,995
618.8,996
618.9,996
619.0,997
619.1,997
619.2,998
619.3,998
619.4,999
619.5,999
619.6,1000
619.7,1001
619.8,1001
619.9,1002
620.0,1002
620.1,1003
620.2,1003
620.3,1003
620.4,1003
620.5,1003
620.6,1003
620.7,1003
620.8,1003
620.9,1003
621.0,1003
621.1,1004
621.2,1004
621.3,1004
621.4,1004
621.5,1004
621.6,1005
621.7,1005
621.8,1005
621.9,1005
622.0,1005
622.1,1006
622.2,1006
622.3,1006
622.4,1006
622.5,1006
622.6,1007
622.7,1007
622.8,1007
622.9,1007
623.0,1007
623.1,1008
623.2,1008
623.3,1008
623.4,1008
623.5,1008
623.6,1009
623.7,1009
623.8,1009
623.9,1009
624.0,1009
624.1,1010
624.2,1010
624.3,1010
624.4,1010
624.5,1010
624.6,1011
624.7,1011
624.8,1011
624.9,1011
625.0,1011
625.1,1011
625.2,1012
625.3,1012
625.4,1012
625.5,1012
625.6,1012
625.7,1013
625.8,1013
625.9,1013
626.0,1014
626.1,1014
626.2,1015
626.3,1015
626.4,1015
626.5,1016
626.6,1016
626.7,1016
626.8,1017
626.9,1017
627.0,1018
627.1,1018
627.2,1018
627.3,1019
627.4,1019
627.5,1020
627.6,1020
627.7,1020
627.8,1021
627.9,1021
628.0,1022
628.1,1022
628.2,1022
628.3,1022
628.4,1022
628.5,1022
628.6,1023
628.7,1023
628.8,1023
628.9,1023
629.0,1023
629.1,1024
629.2,1024
629.3,1024
629.4,1024
629.5,1024
629.6,1025
629.7,1025
629.8,1025
629.9,1025
630.0,1025
630.1,1026
630.2,1026
630.3,1026
630.4,1026
630.5,1026
630.6,1027
630.7,1027
630.8,1027
630.9,1028
631.0,1028
631.1,1028
631.2,1029
631.3,1029
631.4,1029
631.5,1029
631.6,1030
631.7,1030
631.8,1030
631.9,1031
632.0,1031
632.1,1031
632.2,1031
632.3,1032
632.4,1032
632.5,1032
632.6,1033
632.7,1033
632.8,1033
632.9,1034
633.0,1034
633.1,1034
633.2,1035
633.3,1035
633.4,1035
633.5,1036
633.6,1036
633.7,1037
633.8,1037
633.9,1037
634.0,1038
634.1,1038
634.2,1038
634.3,1039
634.4,1039
634.5,1040
634.6,1040
634.7,1041
634.8,1041
634.9,1042
635.0,1043
635.1,1043
635.2,1044
635.3,1044
635.4,1045
635.5,1046
635.6,1046
635.7,1047
635.8,1047
635.9,1048
636.0,1048
636.1,1048
636.2,1049
636.3,1049
636.4,1049
636.5,1049
636.6,1049
636.7,1050
636.8,1050
636.9,1050
637.0,1050
637.1,1050
637.2,1051
637.3,1051
637.4,1051
637.5,1051
637.6,1051
637.7,1052
637.8,1052
637.9,1052
638.0,1053
638.1,1053
638.2,1054
638.3,1054
638.4,1054
638.5,1055
638.6,1055
638.7,1056
638.8,1056
638.9,1057
639.0,1057
639.1,1058
639.2,1058
639.3,1059
639.4,1059
639.5,1060
639.6,1060
639.7,1061
639.8,1061
639.9,1062
640.0,1062
640.1,1063
640.2,1063
640.3,1064
640.4,1064
640.5,1065
640.6,1065
640.7,1066
640.8,1066
640.9,1067
641.0,1067
641.1,1068
641.2,1068
641.3,1069
641.4,1069
641.5,1070
641.6,1070
641.7,1071
641.8,1072
641.9,1072
642.0,1073
642.1,1073
642.2,1074
642.3,1075
642.4,1076
642.5,1076
642.6,1077
642.7,1077
642.8,1078
642.9,1079
643.0,1079
643.1,1080
643.2,1081
643.3,1082
643.4,1082
643.5,1083
643.6,1084
643.7,1084
643.8,1085
643.9,1086
644.0,1087
644.1,1087
644.2,1087
644.3,1087
644.4,1087
644.5,1087
644.6,1087
644.7,1087
644.8,1088
644.9,1088
645.0,1088
645.1,1088
645.2,1088
645.3,1089
645.4,1089
645.5,1089
645.6,1090
645.7,1090
645.8,1090
645.9,1090
646.0,1091
646.1,1091
646.2,1092
646.3,1092
646.4,1092
646.5,1093
646.6,1093
646.7,1093
646.8,1094
646.9,1094
647.0,1095
647.1,1095
647.2,1095
647.3,1096
647.4,1096
647.5,1097
647.6,1097
647.7,1097
647.8,1098
647.9,1098
648.0,1098
648.1,1099
648.2,1099
648.3,1100
648.4,1100
648.5,1100
648.6,1101
648.7,1101
648.8,1102
648.9,1102
649.0,1102
649.1,1103
649.2,1103
649.3,1104
649.4,1104
649.5,1105
649.6,1105
649.7,1106
649.8,1106
649.9,1107
650.0,1108
650.1,1108
650.2,1109
650.3,1109
650.4,1110
650.5,1111
650.6,1111
650.7,1112
650.8,1112
650.9,1113
651.0,1114
651.1,1114
651.2,1115
651.3,1115
651.4,1116
651.5,1117
651.6,1118
651.7,1118
651.8,1119
651.9,1120
652.0,1121
652.1,1121
652.2,1121
652.3,1121
652.4,1121
652.5,1121
652.6,1121
652.7,1121
652.8,1121
652.9,1121
653.0,1122
653.1,1122
653.2,1122
653.3,1122
653.4,1122
653.5,1122
653.6,1122
653.7,1122
653.8,1122
653.9,1122
654.0,1123
654.1,1123
654.2,1123
654.3,1123
654.4,1123
654.5,1123
654.6,1123
654.7,1123
654.8,1123
654.9,1123
655.0,1124
655.1,1124
655.2,1124
655.3,1124
655.4,1124
655.5,1124
655.6,1124
655.7,1124
655.8,1124
655.9,1125
656.0,1125
656.1,1125
656.2,1125
656.3,1125
656.4,1126
656.5,1126
656.6,1126
656.7,1126
656.8,1126
656.9,1127
657.0,1127
657.1,1127
657.2,1127
657.3,1127
657.4,1128
657.5,1128
657.6,1128
657.7,1128
657.8,1129
657.9,1129
658.0,1129
658.1,1130
658.2,1130
658.3,1130
658.4,1130
658.5,1131
658.6,1131
658.7,1132
658.8,1132
658.9,1132
659.0,1133
659.1,1133
659.2,1134
659.3,1134
659.4,1135
659.5,1135
659.6,1136
659.7,1136
659.8,1137
659.9,1138
660.0,1138
660.1,1138
660.2,1138
660.3,1138
660.4,1138
660.5,1138
660.6,1139
660.7,1139
660.8,1139
660.9,1139
661.0,1139
661.1,1139
661.2,1139
661.3,1139
661.4,1139
661.5,1139
661.6,1140
661.7,1140
661.8,1140
661.9,1140
662.0,1140
662.1,1140
662.2,1140
662.3,1140
662.4,1140
662.5,1140
662.6,1140
662.7,1141
662.8,1141
662.9,1141
663.0,1141
663.1,1141
663.2,1142
663.3,1142
663.4,1142
663.5,1143
663.6,1143
663.7,1143
663.8,1143
663.9,1144
664.0,1144
664.1,1144
664.2,1145
664.3,1145
664.4,1145
664.5,1146
664.6,1146
664.7,1146
664.8,1147
664.9,1147
665.0,1148
665.1,1148
665.2,1148
665.3,1149
665.4,1149
665.5,1150
665.6,1150
665.7,1150
665.8,1151
665.9,1151
666.0,1151
666.1,1152
666.2,1152
666.3,1153
666.4,1153
666.5,1153
666.6,1154
666.7,1154
666.8,1155
666.9,1155
667.0,1156
667.1,1157
667.2,1157
667.3,1158
667.4,1158
667.5,1159
667.6,1159
667.7,1160
667.8,1161
667.9,1161
668.0,1162
668.1,1162
668.2,1162
668.3,1162
668.4,1162
668.5,1162
668.6,1163
668.7,1163
668.8,1163
668.9,1163
669.0,1163
669.1,1164
669.2,1164
669.3,1164
669.4,1164
669.5,1164
669.6,1164
669.7,1165
669.8,1165
669.9,1165
670.0,1165
670.1,1165
670.2,1166
670.3,1166
670.4,1166
670.5,1166
670.6,1167
670.7,1167
670.8,1167
670.9,1168
671.0,1168
671.1,1168
671.2,1168
671.3,1169
671.4,1169
671.5,1169
671.6,1170
671.7,1170
671.8,1170
671.9,1170
672.0,1171
672.1,1171
672.2,1171
672.3,1172
672.4,1172
672.5,1172
672.6,1173
672.7,1173
672.8,1173
672.9,1173
673.0,1174
673.1,1174
673.2,1174
673.3,1174
673.4,1175
673.5,1175
673.6,1175
673.7,1176
673.8,1176
673.9,1176
674.0,1177
674.1,1177
674.2,1177
674.3,1177
674.4,1178
674.5,1178
674.6,1178
674.7,1178
674.8,1179
674.9,1179
675.0,1180
675.1,1180
675.2,1181
675.3,1181
675.4,1182
675.5,1182
675.6,1183
675.7,1183
675.8,1184
675.9,1184
676.0,1184
676.1,1185
676.2,1185
676.3,1185
676.4,1185
676.5,1185
676.6,1185
676.7,1185
676.8,1186
676.9,1186
677.0,1186
677.1,1186
677.2,1186
677.3,1187
677.4,1187
677.5,1187
677.6,1187
677.7,1187
677.8,1188
677.9,1188
678.0,1188
678.1,1188
678.2,1188
678.3,1189
678.4,1189
678.5,1189
678.6,1189
678.7,1189
678.8,1190
678.9,1190
679.0,1190
679.1,1190
679.2,1190
679.3,1191
679.4,1191
679.5,1191
679.6,1191
679.7,1191
679.8,1192
679.9,1192
680.0,1192
680.1,1192
680.2,1192
680.3,1192
680.4,1193
680.5,1193
680.6,1193
680.7,1193
680.8,1193
680.9,1194
681.0,1194
681.1,1194
681.2,1194
681.3,1195
681.4,1195
681.5,1195
681.6,1196
681.7,1196
681.8,1196
681.9,1196
682.0,1197
682.1,1197
682.2,1197
682.3,1198
682.4,1198
682.5,1198
682.6,1199
682.7,1199
682.8,1199
682.9,1200
683.0,1200
683.1,1200
683.2,1201
683.3,1201
683.4,1201
683.5,1202
683.6,1202
683.7,1203
683.8,1204
683.9,1204
684.0,1205
684.1,1205
684.2,1205
684.3,1205
684.4,1205
684.5,1205
684.6,1205
684.7,1205
684.8,1205
684.9,1206
685.0,1206
685.1,1206
685.2,1206
685.3,1206
685.4,1206
685.5,1206
685.6,1206
685.7,1206
685.8,1206
685.9,1206
686.0,1207
686.1,1207
686.2,1207
686.3,1207
686.4,1207
686.5,1207
686.6,1207
686.7,1208
686.8,1208
686.9,1208
687.0,1208
687.1,1208
687.2,1209
687.3,1209
687.4,1209
687.5,1209
687.6,1209
687.7,1210
687.8,1210
687.9,1210
688.0,1210
688.1,1210
688.2,1211
688.3,1211
688.4,1211
688.5,1211
688.6,1211
688.7,1212
688.8,1212
688.9,1212
689.0,1212
689.1,1212
689.2,1212
689.3,1213
689.4,1213
689.5,1213
689.6,1213
689.7,1213
689.8,1214
689.9,1214
690.0,1214
690.1,1214
690.2,1214
690.3,1215
690.4,1215
690.5,1215
690.6,1215
690.7,1216
690.8,1216
690.9,1216
691.0,1217
691.1,1217
691.2,1217
691.3,1218
691.4,1218
691.5,1219
691.6,1219
691.7,1219
691.8,1220
691.9,1220
692.0,1221
692.1,1221
692.2,1221
692.3,1221
692.4,1221
692.5,1221
692.6,1221
692.7,1221
692.8,1222
692.9,1222
693.0,1222
693.1,1222
693.2,1222
693.3,1222
693.4,1223
693.5,1223
693.6,1223
693.7,1223
693.8,1223
693.9,1223
694.0,1224
694.1,1224
694.2,1224
694.3,1224
694.4,1224
694.5,1225
694.6,1225
694.7,1225
694.8,1225
694.9,1226
695.0,1226
695.1,1226
695.2,1226
695.3,1227
695.4,1227
695.5,1228
695.6,1228
695.7,1228
695.8,1229
695.9,1229
696.0,1230
696.1,1230
696.2,1230
696.3,1231
696.4,1231
696.5,1231
696.6,1232
696.7,1232
696.8,1233
696.9,1233
697.0,1233
697.1,1234
697.2,1234
697.3,1235
697.4,1235
697.5,1236
697.6,1236
697.7,1237
697.8,1238
697.9,1238
698.0,1239
698.1,1239
698.2,1240
698.3,1240
698.4,1241
698.5,1242
698.6,1242
698.7,1243
698.8,1244
698.9,1245
699.0,1245
699.1,1246
699.2,1247
699.3,1247
699.4,1248
699.5,1249
699.6,1249
699.7,1250
699.8,1251
699.9,1252
700.0,1252
700.1,1252
700.2,1252
700.3,1252
700.4,1252
700.5,1252
700.6,1252
700.7,1252
700.8,1252
700.9,1252
701.0,1252
701.1,1252
701.2,1252
701.3,1252
701.4,1252
701.5,1252
701.6,1253
701.7,1253
701.8,1253
701.9,1253
702.0,1253
702.1,1253
702.2,1253
702.3,1253
702.4,1253
702.5,1253
702.6,1254
702.7,1254
702.8,1254
702.9,1254
703.0,1254
703.1,1254
703.2,1254
703.3,1254
703.4,1254
703.5,1254
703.6,1254
703.7,1255
703.8,1255
703.9,1255
704.0,1255
704.1,1255
704.2,1255
704.3,1255
704.4,1256
704.5,1256
704.6,1256
704.7,1256
704.8,1256
704.9,1257
705.0,1257
705.1,1257
705.2,1257
705.3,1257
705.4,1258
705.5,1258
705.6,1258
705.7,1258
705.8,1258
705.9,1259
706.0,1259
706.1,1259
706.2,1260
706.3,1260
706.4,1260
706.5,1260
706.6,1261
706.7,1261
706.8,1261
706.9,1262
707.0,1262
707.1,1262
707.2,1263
707.3,1263
707.4,1263
707.5,1263
707.6,1264
707.7,1264
707.8,1264
707.9,1265
708.0,1265
708.1,1265
708.2,1266
708.3,1266
708.4,1266
708.5,1266
708.6,1267
708.7,1267
708.8,1267
708.9,1268
709.0,1268
709.1,1268
709.2,1269
709.3,1269
709.4,1270
709.5,1270
709.6,1271
709.7,1272
709.8,1272
709.9,1273
710.0,1273
710.1,1273
710.2,1274
710.3,1274
710.4,1274
710.5,1274
710.6,1274
710.7,1275
710.8,1275
710.9,1275
711.0,1275
711.1,1275
711.2,1276
711.3,1276
711.4,1276
711.5,1276
711.6,1276
711.7,1277
711.8,1277
711.9,1277
712.0,1277
712.1,1277
712.2,1278
712.3,1278
712.4,1278
712.5,1278
712.6,1278
712.7,1278
712.8,1279
712.9,1279
713.0,1279
713.1,1279
713.2,1279
713.3,1280
713.4,1280
713.5,1280
713.6,1280
713.7,1280
713.8,1281
713.9,1281
714.0,1281
714.1,1281
714.2,1282
714.3,1282
714.4,1282
714.5,1282
714.6,1283
714.7,1283
714.8,1283
714.9,1284
715.0,1284
715.1,1284
715.2,1285
715.3,1285
715.4,1285
715.5,1285
715.6,1286
715.7,1286
715.8,1286
715.9,1287
716.0,1287
716.1,1287
716.2,1287
716.3,1288
716.4,1288
716.5,1288
716.6,1289
716.7,1289
716.8,1290
716.9,1290
717.0,1291
717.1,1291
717.2,1292
717.3,1292
717.4,1293
717.5,1293
717.6,1294
717.7,1294
717.8,1295
717.9,1295
718.0,1295
718.1,1296
718.2,1296
718.3,1296
718.4,1296
718.5,1296
718.6,1297
718.7,1297
718.8,1297
718.9,1297
719.0,1297
719.1,1298
719.2,1298
719.3,1298
719.4,1298
719.5,1298
719.6,1299
719.7,1299
719.8,1299
719.9,1299
720.0,1299
720.1,1300
720.2,1300
720.3,1300
720.4,1300
720.5,1300
720.6,1300
720.7,1301
720.8,1301
720.9,1301
721.0,1302
721.1,1302
721.2,1302
721.3,1303
721.4,1303
721.5,1303
721.6,1304
721.7,1304
721.8,1305
721.9,1305
722.0,1305
722.1,1306
722.2,1306
722.3,1306
722.4,1307
722.5,1307
722.6,1308
722.7,1308
722.8,1308
722.9,1309
723.0,1309
723.1,1310
723.2,1310
723.3,1311
723.4,1311
723.5,1312
723.6,1312
723.7,1313
723.8,1313
723.9,1314
724.0,1314
724.1,1315
724.2,1315
724.3,1316
724.4,1317
724.5,1317
724.6,1318
724.7,1318
724.8,1319
724.9,1320
725.0,1320
725.1,1321
725.2,1321
725.3,1322
725.4,1323
725.5,1323
725.6,1324
725.7,1325
725.8,1325
725.9,1326
726.0,1326
726.1,1327
726.2,1327
726.3,1327
726.4,1327
726.5,1327
726.6,1327
726.7,1327
726.8,1327
726.9,1327
727.0,1328
727.1,1328
727.2,1328
727.3,1328
727.4,1328
727.5,1329
727.6,1329
727.7,1329
727.8,1329
727.9,1329
728.0,1330
728.1,1330
728.2,1330
728.3,1330
728.4,1330
728.5,1331
728.6,1331
728.7,1331
728.8,1331
728.9,1331
729.0,1332
729.1,1332
729.2,1332
729.3,1332
729.4,1332
729.5,1333
729.6,1333
729.7,1333
729.8,1334
729.9,1334
730.0,1334
730.1,1334
730.2,1335
730.3,1335
730.4,1335
730.5,1336
730.6,1336
730.7,1336
730.8,1337
730.9,1337
731.0,1337
731.1,1337
731.2,1338
731.3,1338
731.4,1338
731.5,1339
731.6,1339
731.7,1339
731.8,1339
731.9,1340
732.0,1340
732.1,1340
732.2,1341
732.3,1341
732.4,1341
732.5,1342
732.6,1342
732.7,1342
732.8,1343
732.9,1343
733.0,1343
733.1,1344
733.2,1344
733.3,1345
733.4,1345
733.5,1346
733.6,1346
733.7,1347
733.8,1347
733.9,1348
734.0,1348
734.1,1348
734.2,1349
734.3,1349
734.4,1349
734.5,1349
734.6,1349
734.7,1349
734.8,1349
734.9,1349
735.0,1349
735.1,1349
735.2,1350
735.3,1350
735.4,1350
735.5,1350
735.6,1350
735.7,1351
735.8,1351
735.9,1351
736.0,1352
736.1,1352
736.2,1352
736.3,1353
736.4,1353
736.5,1353
736.6,1354
736.7,1354
736.8,1354
736.9,1355
737.0,1355
737.1,1356
737.2,1356
737.3,1356
737.4,1357
737.5,1357
737.6,1358
737.7,1358
737.8,1358
737.9,1359
738.0,1359
738.1,1360
738.2,1360
738.3,1360
738.4,1361
738.5,1361
738.6,1361
738.7,1362
738.8,1362
738.9,1363
739.0,1363
739.1,1363
739.2,1364
739.3,1364
739.4,1365
739.5,1365
739.6,1365
739.7,1366
739.8,1366
739.9,1367
740.0,1367
740.1,1367
740.2,1368
740.3,1368
740.4,1368
740.5,1369
740.6,1369
740.7,1370
740.8,1370
740.9,1371
741.0,1371
741.1,1372
741.2,1372
741.3,1373
741.4,1373
741.5,1374
741.6,1374
741.7,1375
741.8,1375
741.9,1376
742.0,1376
742.1,1376
742.2,1376
742.3,1376
742.4,1377
742.5,1377
742.6,1377
742.7,1377
742.8,1377
742.9,1378
743.0,1378
743.1,1378
743.2,1378
743.3,1378
743.4,1379
743.5,1379
743.6,1379
743.7,1379
743.8,1380
743.9,1380
744.0,1380
744.1,1381
744.2,1381
744.3,1381
744.4,1382
744.5,1382
744.6,1383
744.7,1383
744.8,1383
744.9,1384
745.0,1384
745.1,1385
745.2,1385
745.3,1386
745.4,1386
745.5,1387
745.6,1387
745.7,1388
745.8,1388
745.9,1389
746.0,1389
746.1,1390
746.2,1391
746.3,1391
746.4,1392
746.5,1392
746.6,1393
746.7,1394
746.8,1394
746.9,1395
747.0,1396
747.1,1396
747.2,1397
747.3,1398
747.4,1398
747.5,1399
747.6,1400
747.7,1401
747.8,1402
747.9,1402
748.0,1403
748.1,1404
748.2,1405
748.3,1406
748.4,1406
748.5,1407
748.6,1408
748.7,1409
748.8,1410
748.9,1410
749.0,1411
749.1,1412
749.2,1413
749.3,1413
749.4,1414
749.5,1415
749.6,1416
749.7,1417
749.8,1418
749.9,1419
750.0,1420
750.1,1420
750.2,1420
750.3,1420
750.4,1420
750.5,1420
750.6,1420
750.7,1420
750.8,1420
750.9,1420
751.0,1421
751.1,1421
751.2,1421
751.3,1421
751.4,1421
751.5,1421
751.6,1421
751.7,1422
751.8,1422
751.9,1422
752.0,1422
752.1,1422
752.2,1423
752.3,1423
752.4,1423
752.5,1423
752.6,1423
752.7,1424
752.8,1424
752.9,1424
753.0,1424
753.1,1424
753.2,1425
753.3,1425
753.4,1425
753.5,1426
753.6,1426
753.7,1426
753.8,1426
753.9,1427
754.0,1427
754.1,1427
754.2,1428
754.3,1428
754.4,1428
754.5,1429
754.6,1429
754.7,1429
754.8,1430
754.9,1430
755.0,1431
755.1,1431
755.2,1431
755.3,1432
755.4,1432
755.5,1433
755.6,1433
755.7,1433
755.8,1434
755.9,1434
756.0,1435
756.1,1435
756.2,1435
756.3,1436
756.4,1436
756.5,1437
756.6,1437
756.7,1438
756.8,1439
756.9,1439
757.0,1440
757.1,1440
757.2,1441
757.3,1442
757.4,1442
757.5,1443
757.6,1443
757.7,1444
757.8,1445
757.9,1445
758.0,1446
758.1,1446
758.2,1446
758.3,1446
758.4,1446
758.5,1446
758.6,1446
758.7,1446
758.8,1446
758.9,1446
759.0,1446
759.1,1446
759.2,1446
759.3,1446
759.4,1446
759.5,1446
759.6,1447
759.7,1447
759.8,1447
759.9,1447
760.0,1447
760.1,1448
760.2,1448
760.3,1448
760.4,1448
760.5,1448
760.6,1449
760.7,1449
760.8,1449
760.9,1450
761.0,1450
761.1,1450
761.2,1451
761.3,1451
761.4,1451
761.5,1452
761.6,1452
761.7,1453
761.8,1453
761.9,1454
762.0,1454
762.1,1455
762.2,1455
762.3,1456
762.4,1456
762.5,1457
762.6,1457
762.7,1458
762.8,1458
762.9,1459
763.0,1459
763.1,1460
763.2,1460
763.3,1461
763.4,1461
763.5,1462
763.6,1462
763.7,1463
763.8,1463
763.9,1464
764.0,1464
764.1,1465
764.2,1465
764.3,1466
764.4,1466
764.5,1467
764.6,1468
764.7,1468
764.8,1469
764.9,1469
765.0,1470
765.1,1471
765.2,1471
765.3,1472
765.4,1472
765.5,1473
765.6,1473
765.7,1474
765.8,1475
765.9,1475
766.0,1476
766.1,1476
766.2,1476
766.3,1476
766.4,1476
766.5,1476
766.6,1477
766.7,1477
766.8,1477
766.9,1477
767.0,1477
767.1,1478
767.2,1478
767.3,1478
767.4,1478
767.5,1479
767.6,1479
767.7,1479
767.8,1479
767.9,1480
768.0,1480
768.1,1480
768.2,1481
768.3,1481
768.4,1481
768.5,1482
768.6,1482
768.7,1482
768.8,1482
768.9,1483
769.0,1483
769.1,1483
769.2,1484
769.3,1484
769.4,1484
769.5,1485
769.6,1485
769.7,1486
769.8,1486
769.9,1486
770.0,1487
770.1,1487
770.2,1488
770.3,1488
770.4,1488
770.5,1489
770.6,1489
770.7,1490
770.8,1490
770.9,1490
771.0,1491
771.1,1491
771.2,1492
771.3,1492
771.4,1492
771.5,1493
771.6,1493
771.7,1494
771.8,1494
771.9,1494
772.0,1495
772.1,1495
772.2,1495
772.3,1496
772.4,1496
772.5,1497
772.6,1497
772.7,1498
772.8,1498
772.9,1499
773.0,1499
773.1,1500
773.2,1500
773.3,1501
773.4,1501
773.5,1502
773.6,1502
773.7,1503
773.8,1503
773.9,1504
774.0,1505
774.1,1505
774.2,1505
774.3,1505
774.4,1505
774.5,1506
774.6,1506
774.7,1506
774.8,1506
774.9,1506
775.0,1507
775.1,1507
775.2,1507
775.3,1507
775.4,1507
775.5,1508
775.6,1508
775.7,1508
775.8,1508
775.9,1508
776.0,1508
776.1,1509
776.2,1509
776.3,1509
776.4,1509
776.5,1510
776.6,1510
776.7,1510
776.8,1511
776.9,1511
777.0,1511
777.1,1512
777.2,1512
777.3,1512
777.4,1512
777.5,1513
777.6,1513
777.7,1513
777.8,1514
777.9,1514
778.0,1515
778.1,1515
778.2,1515
778.3,1516
778.4,1516
778.5,1517
778.6,1517
778.7,1518
778.8,1518
778.9,1519
779.0,1519
779.1,1520
779.2,1520
779.3,1521
779.4,1521
779.5,1522
779.6,1522
779.7,1523
779.8,1523
779.9,1524
780.0,1524
780.1,1525
780.2,1525
780.3,1526
780.4,1526
780.5,1527
780.6,1527
780.7,1528
780.8,1528
780.9,1529
781.0,1530
781.1,1530
781.2,1531
781.3,1531
781.4,1532
781.5,1533
781.6,1533
781.7,1534
781.8,1535
781.9,1535
782.0,1536
782.1,1536
782.2,1536
782.3,1536
782.4,1536
782.5,1536
782.6,1537
782.7,1537
782.8,1537
782.9,1537
783.0,1537
783.1,1537
783.2,1537
783.3,1537
783.4,1537
783.5,1537
783.6,1538
783.7,1538
783.8,1538
783.9,1538
784.0,1538
784.1,1538
784.2,1538
784.3,1539
784.4,1539
784.5,1539
784.6,1539
784.7,1539
784.8,1540
784.9,1540
785.0,1540
785.1,1540
785.2,1540
785.3,1541
785.4,1541
785.5,1541
785.6,1541
785.7,1541
785.8,1541
785.9,1542
786.0,1542
786.1,1542
786.2,1543
786.3,1543
786.4,1543
786.5,1544
786.6,1544
786.7,1545
786.8,1545
786.9,1545
787.0,1546
787.1,1546
787.2,1547
787.3,1547
787.4,1548
787.5,1548
787.6,1549
787.7,1549
787.8,1550
787.9,1550
788.0,1551
788.1,1551
788.2,1552
788.3,1553
788.4,1553
788.5,1554
788.6,1554
788.7,1555
788.8,1556
788.9,1556
789.0,1557
789.1,1557
789.2,1558
789.3,1558
789.4,1559
789.5,1560
789.6,1560
789.7,1561
789.8,1562
789.9,1563
790.0,1563
790.1,1563
790.2,1564
790.3,1564
790.4,1564
790.5,1564
790.6,1564
790.7,1564
790.8,1564
790.9,1564
791.0,1564
791.1,1564
791.2,1565
791.3,1565
791.4,1565
791.5,1565
791.6,1565
791.7,1565
791.8,1565
791.9,1565
792.0,1565
792.1,1566
792.2,1566
792.3,1566
792.4,1566
792.5,1566
792.6,1567
792.7,1567
792.8,1567
792.9,1567
793.0,1567
793.1,1567
793.2,1568
793.3,1568
793.4,1568
793.5,1568
793.6,1568
793.7,1569
793.8,1569
793.9,1569
794.0,1569
794.1,1569
794.2,1570
794.3,1570
794.4,1570
794.5,1570
794.6,1570
794.7,1571
794.8,1571
794.9,1571
795.0,1571
795.1,1571
795.2,1572
795.3,1572
795.4,1572
795.5,1572
795.6,1572
795.7,1573
795.8,1573
795.9,1573
796.0,1573
796.1,1573
796.2,1573
796.3,1574
796.4,1574
796.5,1574
796.6,1574
796.7,1574
796.8,1575
796.9,1575
797.0,1576
797.1,1576
797.2,1576
797.3,1577
797.4,1577
797.5,1578
797.6,1578
797.7,1579
797.8,1579
797.9,1580
798.0,1580
798.1,1580
798.2,1580
798.3,1581
798.4,1581
798.5,1581
798.6,1581
798.7,1581
798.8,1581
798.9,1581
799.0,1581
799.1,1581
799.2,1581
799.3,1582
799.4,1582
799.5,1582
799.6,1582
799.7,1582
799.8,1582
799.9,1583
800.0,1583
800.1,1583
800.2,1583
800.3,1584
800.4,1584
800.5,1584
800.6,1584
800.7,1585
800.8,1585
800.9,1586
801.0,1586
801.1,1586
801.2,1587
801.3,1587
801.4,1588
801.5,1588
801.6,1589
801.7,1589
801.8,1590
801.9,1590
802.0,1591
802.1,1591
802.2,1592
802.3,1592
802.4,1593
802.5,1593
802.6,1594
802.7,1594
802.8,1595
802.9,1595
803.0,1596
803.1,1596
803.2,1597
803.3,1597
803.4,1598
803.5,1599
803.6,1599
803.7,1600
803.8,1601
803.9,1601
804.0,1602
804.1,1603
804.2,1603
804.3,1604
804.4,1605
804.5,1606
804.6,1606
804.7,1607
804.8,1608
804.9,1608
805.0,1609
805.1,1610
805.2,1610
805.3,1611
805.4,1612
805.5,1612
805.6,1613
805.7,1614
805.8,1614
805.9,1615
806.0,1616
806.1,1617
806.2,1617
806.3,1618
806.4,1619
806.5,1619
806.6,1620
806.7,1621
806.8,1621
806.9,1622
807.0,1623
807.1,1624
807.2,1624
807.3,1625
807.4,1626
807.5,1627
807.6,1628
807.7,1629
807.8,1630
807.9,1631
808.0,1631
808.1,1632
808.2,1632
808.3,1632
808.4,1632
808.5,1633
808.6,1633
808.7,1633
808.8,1634
808.9,1634
809.0,1634
809.1,1635
809.2,1635
809.3,1636
809.4,1636
809.5,1637
809.6,1637
809.7,1638
809.8,1638
809.9,1639
810.0,1639
810.1,1640
810.2,1640
810.3,1641
810.4,1641
810.5,1642
810.6,1642
810.7,1643
810.8,1643
810.9,1644
811.0,1644
811.1,1645
811.2,1645
811.3,1646
811.4,1646
811.5,1647
811.6,1647
811.7,1648
811.8,1648
811.9,1649
812.0,1650
812.1,1650
812.2,1651
812.3,1652
812.4,1653
812.5,1654
812.6,1654
812.7,1655
812.8,1656
812.9,1657
813.0,1658
813.1,1658
813.2,1659
813.3,1660
813.4,1661
813.5,1662
813.6,1662
813.7,1663
813.8,1664
813.9,1665
814.0,1666
814.1,1666
814.2,1667
814.3,1668
814.4,1669
814.5,1670
814.6,1671
814.7,1672
814.8,1673
814.9,1674
815.0,1675
815.1,1676
815.2,1677
815.3,1678
815.4,1679
815.5,1680
815.6,1681
815.7,1682
815.8,1683
815.9,1684
816.0,1685
816.1,1685
816.2,1685
816.3,1685
816.4,1685
816.5,1685
816.6,1685
816.7,1685
816.8,1685
816.9,1685
817.0,1685
817.1,1685
817.2,1686
817.3,1686
817.4,1686
817.5,1686
817.6,1686
817.7,1686
817.8,1686
817.9,1686
818.0,1686
818.1,1686
818.2,1686
818.3,1687
818.4,1687
818.5,1687
818.6,1687
818.7,1687
818.8,1688
818.9,1688
819.0,1688
819.1,1688
819.2,1689
819.3,1689
819.4,1689
819.5,1689
819.6,1690
819.7,1690
819.8,1690
819.9,1691
820.0,1691
820.1,1691
820.2,1691
820.3,1692
820.4,1692
820.5,1692
820.6,1693
820.7,1693
820.8,1693
820.9,1694
821.0,1694
821.1,1694
821.2,1694
821.3,1695
821.4,1695
821.5,1695
821.6,1696
821.7,1696
821.8,1696
821.9,1696
822.0,1697
822.1,1697
822.2,1697
822.3,1698
822.4,1698
822.5,1698
822.6,1698
822.7,1699
822.8,1699
822.9,1699
823.0,1700
823.1,1700
823.2,1701
823.3,1701
823.4,1701
823.5,1702
823.6,1702
823.7,1703
823.8,1703
823.9,1704
824.0,1704
824.1,1704
824.2,1705
824.3,1705
824.4,1705
824.5,1705
824.6,1705
824.7,1706
824.8,1706
824.9,1706
825.0,1706
825.1,1706
825.2,1707
825.3,1707
825.4,1707
825.5,1707
825.6,1707
825.7,1708
825.8,1708
825.9,1708
826.0,1708
826.1,1708
826.2,1709
826.3,1709
826.4,1709
826.5,1709
826.6,1709
826.7,1710
826.8,1710
826.9,1710
827.0,1710
827.1,1710
827.2,1711
827.3,1711
827.4,1711
827.5,1711
827.6,1711
827.7,1712
827.8,1712
827.9,1712
828.0,1712
828.1,1712
828.2,1712
828.3,1713
828.4,1713
828.5,1713
828.6,1713
828.7,1713
828.8,1714
828.9,1714
829.0,1714
829.1,1714
829.2,1714
829.3,1715
829.4,1715
829.5,1715
829.6,1715
829.7,1715
829.8,1716
829.9,1716
830.0,1716
830.1,1716
830.2,1716
830.3,1717
830.4,1717
830.5,1717
830.6,1717
830.7,1717
830.8,1718
830.9,1718
831.0,1718
831.1,1719
831.2,1719
831.3,1719
831.4,1719
831.5,1720
831.6,1720
831.7,1720
831.8,1721
831.9,1721
832.0,1722
832.1,1722
832.2,1722
832.3,1722
832.4,1722
832.5,1722
832.6,1722
832.7,1722
832.8,1722
832.9,1722
833.0,1723
833.1,1723
833.2,1723
833.3,1723
833.4,1723
833.5,1723
833.6,1723
833.7,1723
833.8,1723
833.9,1723
834.0,1724
834.1,1724
834.2,1724
834.3,1724
834.4,1724
834.5,1724
834.6,1724
834.7,1725
834.8,1725
834.9,1725
835.0,1725
835.1,1725
835.2,1726
835.3,1726
835.4,1726
835.5,1726
835.6,1726
835.7,1726
835.8,1727
835.9,1727
836.0,1727
836.1,1727
836.2,1728
836.3,1728
836.4,1728
836.5,1729
836.6,1729
836.7,1729
836.8,1729
836.9,1730
837.0,1730
837.1,1730
837.2,1731
837.3,1731
837.4,1731
837.5,1731
837.6,1732
837.7,1732
837.8,1733
837.9,1733
838.0,1734
838.1,1734
838.2,1735
838.3,1735
838.4,1736
838.5,1736
838.6,1737
838.7,1737
838.8,1738
838.9,1738
839.0,1739
839.1,1739
839.2,1740
839.3,1740
839.4,1741
839.5,1741
839.6,1742
839.7,1743
839.8,1743
839.9,1744
840.0,1745
840.1,1745
840.2,1745
840.3,1745
840.4,1745
840.5,1745
840.6,1745
840.7,1745
840.8,1745
840.9,1745
841.0,1745
841.1,1745
841.2,1745
841.3,1745
841.4,1745
841.5,1745
841.6,1745
841.7,1745
841.8,1745
841.9,1745
842.0,1745
842.1,1745
842.2,1745
842.3,1745
842.4,1745
842.5,1745
842.6,1746
842.7,1746
842.8,1746
842.9,1746
843.0,1746
843.1,1747
843.2,1747
843.3,1747
843.4,1747
843.5,1747
843.6,1748
843.7,1748
843.8,1748
843.9,1748
844.0,1748
844.1,1749
844.2,1749
844.3,1749
844.4,1749
844.5,1749
844.6,1750
844.7,1750
844.8,1750
844.9,1750
845.0,1750
845.1,1751
845.2,1751
845.3,1751
845.4,1751
845.5,1751
845.6,1752
845.7,1752
845.8,1752
845.9,1752
846.0,1752
846.1,1753
846.2,1753
846.3,1753
846.4,1753
846.5,1754
846.6,1754
846.7,1754
846.8,1755
846.9,1755
847.0,1755
847.1,1756
847.2,1756
847.3,1756
847.4,1756
847.5,1757
847.6,1757
847.7,1757
847.8,1758
847.9,1758
848.0,1758
848.1,1758
848.2,1759
848.3,1759
848.4,1759
848.5,1759
848.6,1759
848.7,1759
848.8,1759
848.9,1759
849.0,1759
849.1,1759
849.2,1760
849.3,1760
849.4,1760
849.5,1760
849.6,1760
849.7,1760
849.8,1760
849.9,1760
850.0,1760
850.1,1760
850.2,1761
850.3,1761
850.4,1761
850.5,1761
850.6,1761
850.7,1761
850.8,1761
850.9,1761
851.0,1761
851.1,1761
851.2,1762
851.3,1762
851.4,1762
851.5,1762
851.6,1762
851.7,1762
851.8,1762
851.9,1762
852.0,1762
852.1,1762
852.2,1763
852.3,1763
852.4,1763
852.5,1763
852.6,1763
852.7,1763
852.8,1764
852.9,1764
853.0,1764
853.1,1764
853.2,1764
853.3,1765
853.4,1765
853.5,1765
853.6,1765
853.7,1765
853.8,1765
853.9,1766
854.0,1766
854.1,1766
854.2,1766
854.3,1766
854.4,1767
854.5,1767
854.6,1767
854.7,1767
854.8,1768
854.9,1768
855.0,1768
855.1,1768
855.2,1769
855.3,1769
855.4,1769
855.5,1770
855.6,1770
855.7,1770
855.8,1771
855.9,1771
856.0,1772
856.1,1772
856.2,1772
856.3,1772
856.4,1772
856.5,1772
856.6,1772
856.7,1772
856.8,1772
856.9,1772
857.0,1773
857.1,1773
857.2,1773
857.3,1773
857.4,1773
857.5,1773
857.6,1773
857.7,1774
857.8,1774
857.9,1774
858.0,1774
858.1,1774
858.2,1775
858.3,1775
858.4,1775
858.5,1775
858.6,1775
858.7,1775
858.8,1776
858.9,1776
859.0,1776
859.1,1776
859.2,1776
859.3,1777
859.4,1777
859.5,1777
859.6,1777
859.7,1778
859.8,1778
859.9,1778
860.0,1779
860.1,1779
860.2,1779
860.3,1780
860.4,1780
860.5,1780
860.6,1780
860.7,1781
860.8,1781
860.9,1781
861.0,1781
861.1,1782
861.2,1782
861.3,1783
861.4,1783
861.5,1783
861.6,1784
861.7,1784
861.8,1785
861.9,1785
862.0,1785
862.1,1786
862.2,1786
862.3,1787
862.4,1787
862.5,1787
862.6,1788
862.7,1788
862.8,1789
862.9,1789
863.0,1790
863.1,1790
863.2,1791
863.3,1791
863.4,1792
863.5,1792
863.6,1793
863.7,1794
863.8,1794
863.9,1795
864.0,1796
864.1,1796
864.2,1796
864.3,1796
864.4,1796
864.5,1796
864.6,1796
864.7,1796
864.8,1796
864.9,1797
865.0,1797
865.1,1797
865.2,1797
865.3,1797
865.4,1797
865.5,1797
865.6,1797
865.7,1798
865.8,1798
865.9,1798
866.0,1798
866.1,1798
866.2,1799
866.3,1799
866.4,1799
866.5,1799
866.6,1800
866.7,1800
866.8,1800
866.9,1800
867.0,1801
867.1,1801
867.2,1802
867.3,1802
867.4,1802
867.5,1803
867.6,1803
867.7,1803
867.8,1804
867.9,1804
868.0,1805
868.1,1805
868.2,1805
868.3,1806
868.4,1806
868.5,1807
868.6,1807
868.7,1807
868.8,1808
868.9,1808
869.0,1809
869.1,1809
869.2,1810
869.3,1810
869.4,1811
869.5,1811
869.6,1811
869.7,1812
869.8,1812
869.9,1813
870.0,1813
870.1,1814
870.2,1814
870.3,1815
870.4,1815
870.5,1816
870.6,1816
870.7,1817
870.8,1818
870.9,1818
871.0,1819
871.1,1820
871.2,1820
871.3,1821
871.4,1822
871.5,1822
871.6,1823
871.7,1824
871.8,1825
871.9,1826
872.0,1826
872.1,1826
872.2,1826
872.3,1827
872.4,1827
872.5,1827
872.6,1827
872.7,1827
872.8,1827
872.9,1827
873.0,1827
873.1,1827
873.2,1827
873.3,1828
873.4,1828
873.5,1828
873.6,1828
873.7,1828
873.8,1828
873.9,1828
874.0,1828
874.1,1828
874.2,1828
874.3,1829
874.4,1829
874.5,1829
874.6,1829
874.7,1829
874.8,1829
874.9,1829
875.0,1829
875.1,1829
875.2,1829
875.3,1829
875.4,1830
875.5,1830
875.6,1830
875.7,1830
875.8,1830
875.9,1831
876.0,1831
876.1,1831
876.2,1831
876.3,1832
876.4,1832
876.5,1832
876.6,1833
876.7,1833
876.8,1833
876.9,1833
877.0,1834
877.1,1834
877.2,1834
877.3,1835
877.4,1835
877.5,1835
877.6,1835
877.7,1836
877.8,1836
877.9,1836
878.0,1837
878.1,1837
878.2,1837
878.3,1837
878.4,1838
878.5,1838
878.6,1838
878.7,1839
878.8,1839
878.9,1839
879.0,1840
879.1,1840
879.2,1840
879.3,1840
879.4,1841
879.5,1841
879.6,1842
879.7,1842
879.8,1843
879.9,1843
880.0,1843
880.1,1844
880.2,1844
880.3,1845
880.4,1845
880.5,1846
880.6,1846
880.7,1847
880.8,1847
880.9,1848
881.0,1848
881.1,1848
881.2,1848
881.3,1849
881.4,1849
881.5,1849
881.6,1849
881.7,1849
881.8,1849
881.9,1849
882.0,1849
882.1,1850
882.2,1850
882.3,1850
882.4,1850
882.5,1851
882.6,1851
882.7,1851
882.8,1851
882.9,1852
883.0,1852
883.1,1852
883.2,1853
883.3,1853
883.4,1854
883.5,1854
883.6,1854
883.7,1855
883.8,1855
883.9,1856
884.0,1856
884.1,1856
884.2,1857
884.3,1857
884.4,1858
884.5,1858
884.6,1858
884.7,1859
884.8,1859
884.9,1860
885.0,1860
885.1,1861
885.2,1861
885.3,1862
885.4,1862
885.5,1863
885.6,1863
885.7,1864
885.8,1864
885.9,1865
886.0,1865
886.1,1866
886.2,1866
886.3,1867
886.4,1867
886.5,1868
886.6,1868
886.7,1869
886.8,1869
886.9,1870
887.0,1870
887.1,1871
887.2,1871
887.3,1871
887.4,1872
887.5,1873
887.6,1873
887.7,1874
887.8,1875
887.9,1875
888.0,1876
888.1,1877
888.2,1877
888.3,1878
888.4,1879
888.5,1879
888.6,1880
888.7,1881
888.8,1882
888.9,1882
889.0,1883
889.1,1883
889.2,1883
889.3,1883
889.4,1883
889.5,1883
889.6,1884
889.7,1884
889.8,1884
889.9,1884
890.0,1884
890.1,1885
890.2,1885
890.3,1885
890.4,1885
890.5,1885
890.6,1886
890.7,1886
890.8,1886
890.9,1886
891.0,1886
891.1,1887
891.2,1887
891.3,1887
891.4,1888
891.5,1888
891.6,1888
891.7,1888
891.8,1889
891.9,1889
892.0,1889
892.1,1890
892.2,1890
892.3,1890
892.4,1890
892.5,1891
892.6,1891
892.7,1891
892.8,1892
892.9,1892
893.0,1892
893.1,1892
893.2,1893
893.3,1893
893.4,1893
893.5,1894
893.6,1894
893.7,1894
893.8,1895
893.9,1895
894.0,1895
894.1,1895
894.2,1896
894.3,1896
894.4,1896
894.5,1897
894.6,1897
894.7,1897
894.8,1897
894.9,1898
895.0,1898
895.1,1898
895.2,1899
895.3,1899
895.4,1899
895.5,1900
895.6,1900
895.7,1900
895.8,1901
895.9,1901
896.0,1902
896.1,1902
896.2,1903
896.3,1903
896.4,1903
896.5,1904
896.6,1904
896.7,1905
896.8,1905
896.9,1906
897.0,1906
897.1,1906
897.2,1907
897.3,1907
897.4,1907
897.5,1907
897.6,1907
897.7,1907
897.8,1907
897.9,1907
898.0,1907
898.1,1907
898.2,1907
898.3,1908
898.4,1908
898.5,1908
898.6,1908
898.7,1908
898.8,1908
898.9,1908
899.0,1908
899.1,1908
899.2,1908
899.3,1909
899.4,1909
899.5,1909
899.6,1909
899.7,1909
899.8,1909
899.9,1909
